"","Rk","Year","Rnd","Pick","Player","Pos","College/Univ"
"1",1,"2015","1",1,"Jameis Winston\WinsJa00","QB","Florida St."
"2",2,"2015","1",2,"Marcus Mariota\MariMa01","QB","Oregon"
"3",3,"2015","1",3,"Dante Fowler\FowlDa00","OLB","Florida"
"4",4,"2015","1",4,"Amari Cooper\CoopAm00","WR","Alabama"
"5",5,"2015","1",5,"Brandon Scherff\ScheBr00","T","Iowa"
"6",6,"2015","1",6,"Leonard Williams\WillLe02","DE","USC"
"7",7,"2015","1",7,"Kevin White\WhitKe00","WR","West Virginia"
"8",8,"2015","1",8,"Vic Beasley\BeasVi00","OLB","Clemson"
"9",9,"2015","1",9,"Ereck Flowers\FlowEr00","T","Miami (FL)"
"10",10,"2015","1",10,"Todd Gurley\GurlTo01","RB","Georgia"
"11",11,"2015","1",11,"Trae Waynes\WaynTr00","CB","Michigan St."
"12",12,"2015","1",12,"Danny Shelton\ShelDa01","NT","Washington"
"13",13,"2015","1",13,"Andrus Peat\PeatAn00","T","Stanford"
"14",14,"2015","1",14,"DeVante Parker\ParkDe01","WR","Louisville"
"15",15,"2015","1",15,"Melvin Gordon\GordMe00","RB","Wisconsin"
"16",16,"2015","1",16,"Kevin Johnson\JohnKe04","CB","Wake Forest"
"17",17,"2015","1",17,"Arik Armstead\ArmsAr01","DT","Oregon"
"18",18,"2015","1",18,"Marcus Peters\PeteMa00","CB","Washington"
"19",19,"2015","1",19,"Cameron Erving\ErviCa00","C","Florida St."
"20",20,"2015","1",20,"Nelson Agholor\AghoNe00","WR","USC"
"21",21,"2015","1",21,"Cedric Ogbuehi\OgbuCe00","T","Texas A&M"
"22",22,"2015","1",22,"Bud Dupree\DuprAl00","OLB","Kentucky"
"23",23,"2015","1",23,"Shane Ray\RayxSh00","DE","Missouri"
"24",24,"2015","1",24,"D.J. Humphries\HumpD.00","T","Florida"
"25",25,"2015","1",25,"Shaq Thompson\ThomSh01","OLB","Washington"
"26",26,"2015","1",26,"Breshad Perriman\PerrBr02","WR","Central Florida"
"27",27,"2015","1",27,"Byron Jones\JoneBy00","CB","Connecticut"
"28",28,"2015","1",28,"Laken Tomlinson\TomlLa01","G","Duke"
"29",29,"2015","1",29,"Phillip Dorsett\DorsPh00","WR","Miami (FL)"
"30",30,"2015","1",30,"Damarious Randall\RandDa00","S","Arizona St."
"31",31,"2015","1",31,"Stephone Anthony\AnthSt00","ILB","Clemson"
"32",32,"2015","1",32,"Malcom Brown\BrowMa01","DT","Texas"
"33",33,"2015","2",33,"Landon Collins\CollLa00","S","Alabama"
"34",34,"2015","2",34,"Donovan Smith\SmitDo02","T","Penn St."
"35",35,"2015","2",35,"Mario Edwards\EdwaMa01","DT","Florida St."
"36",36,"2015","2",36,"T.J. Yeldon\YeldT.00","RB","Alabama"
"37",37,"2015","2",37,"Devin Smith\SmitDe04","WR","Ohio St."
"38",38,"2015","2",38,"Preston Smith\SmitPr00","DE","Mississippi St."
"39",39,"2015","2",39,"Eddie Goldman\GoldEd00","DT","Florida St."
"40",40,"2015","2",40,"Dorial Green-Beckham\GreeDo00","WR","Oklahoma"
"41",41,"2015","2",41,"Devin Funchess\FuncDe00","TE","Michigan"
"42",42,"2015","2",42,"Jalen Collins\CollJa02","CB","LSU"
"43",43,"2015","2",43,"Benardrick McKinney\McKiBe00","ILB","Mississippi St."
"44",44,"2015","2",44,"Hau'oli Kikaha\KikaHa00","OLB","Washington"
"45",45,"2015","2",45,"Eric Kendricks\KendEr00","ILB","UCLA"
"46",46,"2015","2",46,"Jaquiski Tartt\TartJa00","S","Samford"
"47",47,"2015","2",47,"Eric Rowe\RoweEr00","CB","Utah"
"48",48,"2015","2",48,"Denzel Perryman\PerrDe00","ILB","Miami (FL)"
"49",49,"2015","2",49,"Mitch Morse\MorsMi00","G","Missouri"
"50",50,"2015","2",50,"Ronald Darby\DarbRo00","CB","Florida St."
"51",51,"2015","2",51,"Nate Orchard\OrchNa00","DE","Utah"
"52",52,"2015","2",52,"Jordan Phillips\PhilJo01","NT","Oklahoma"
"53",53,"2015","2",53,"Jake Fisher\FishJa00","T","Oregon"
"54",54,"2015","2",54,"Ameer Abdullah\AbduAm00","RB","Nebraska"
"55",55,"2015","2",55,"Maxx Williams\WillMa04","TE","Minnesota"
"56",56,"2015","2",56,"Senquez Golson\GolsSe00","CB","Mississippi"
"57",57,"2015","2",57,"Rob Havenstein\HaveRo00","T","Wisconsin"
"58",58,"2015","2",58,"Markus Golden\GoldMa00","DE","Missouri"
"59",59,"2015","2",59,"Ty Sambrailo\SambTy00","T","Colorado St."
"60",60,"2015","2",60,"Randy Gregory\GregRa00","OLB","Nebraska"
"61",61,"2015","2",61,"Ali Marpet\MarpAl00","C","Hobart"
"62",62,"2015","2",62,"Quinten Rollins\RollQu00","CB","Miami (OH)"
"63",63,"2015","2",63,"Frank Clark\ClarFr01","DE","Michigan"
"64",64,"2015","2",64,"Jordan Richards\RichJo00","S","Stanford"
"65",65,"2015","3",65,"D'Joun Smith\SmitDJ00","CB","Florida Atlantic"
"66",66,"2015","3",66,"Jeremiah Poutasi\PoutJe00","G","Utah"
"67",67,"2015","3",67,"A.J. Cann\CannA.00","G","South Carolina"
"68",68,"2015","3",68,"Clive Walford\WalfCl00","TE","Miami (FL)"
"69",69,"2015","3",69,"Tyler Lockett\LockTy00","WR","Kansas St."
"70",70,"2015","3",70,"Jaelen Strong\StroJa01","WR","Arizona St."
"71",71,"2015","3",71,"Hroniss Grasu\GrasHr00","C","Oregon"
"72",72,"2015","3",72,"Jamon Brown\BrowJa04","T","Louisville"
"73",73,"2015","3",73,"Tevin Coleman\ColeTe01","RB","Indiana"
"74",74,"2015","3",74,"Owamagbe Odighizuwa\OdigOw00","DE","UCLA"
"75",75,"2015","3",75,"Garrett Grayson\GrayGa00","QB","Colorado St."
"76",76,"2015","3",76,"Chris Conley\ConlCh00","WR","Georgia"
"77",77,"2015","3",77,"Duke Johnson\JohnDu00","RB","Miami (FL)"
"78",78,"2015","3",78,"P.J. Williams\WillP.00","CB","Florida St."
"79",79,"2015","3",79,"Eli Harold\HaroEl00","OLB","Virginia"
"80",80,"2015","3",80,"Alex Carter\CartAl01","CB","Stanford"
"81",81,"2015","3",81,"John Miller\MillJo04","G","Louisville"
"82",82,"2015","3",82,"Lorenzo Mauldin\MaulLo00","OLB","Louisville"
"83",83,"2015","3",83,"Craig Mager\MageCr00","CB","Texas St."
"84",84,"2015","3",84,"Jordan Hicks\HickJo00","OLB","Texas"
"85",85,"2015","3",85,"Tyler Kroft\KrofTy00","TE","Rutgers"
"86",86,"2015","3",86,"David Johnson\JohnDa08","RB","Northern Iowa"
"87",87,"2015","3",87,"Sammie Coates\CoatSa00","WR","Auburn"
"88",88,"2015","3",88,"Danielle Hunter\HuntDa01","DE","LSU"
"89",89,"2015","3",89,"Sean Mannion\MannSe00","QB","Oregon St."
"90",90,"2015","3",90,"Carl Davis\DaviCa01","DT","Iowa"
"91",91,"2015","3",91,"Chaz Green\GreeCh02","T","Florida"
"92",92,"2015","3",92,"Jeff Heuerman\HeueJe00","TE","Ohio St."
"93",93,"2015","3",93,"Henry Anderson\AndeHe00","DE","Stanford"
"94",94,"2015","3",94,"Ty Montgomery\MontTy01","WR","Stanford"
"95",95,"2015","3",95,"Matt Jones\JoneMa04","RB","Florida"
"96",96,"2015","3",96,"Xavier Cooper\CoopXa00","DT","Washington St."
"97",97,"2015","3",97,"Geneo Grissom\GrisGe00","DE","Oklahoma"
"98",98,"2015","3",98,"Steven Nelson\NelsSt01","CB","Oregon St."
"99",99,"2015","3",99,"Paul Dawson\DawsPa00","ILB","TCU"
"100",100,"2015","4",100,"Angelo Blackson\BlacAn00","DT","Auburn"
"101",101,"2015","4",101,"Trey Flowers\FlowTr00","DE","Arkansas"
"102",102,"2015","4",102,"Daryl Williams\WillDa06","G","Oklahoma"
"103",103,"2015","4",103,"Bryce Petty\PettBr01","QB","Baylor"
"104",104,"2015","4",104,"James Sample\SampJa00","S","Louisville"
"105",105,"2015","4",105,"Jamison Crowder\CrowJa00","WR","Duke"
"106",106,"2015","4",106,"Jeremy Langford\LangJe00","RB","Michigan St."
"107",107,"2015","4",107,"Justin Hardy\HardJu00","WR","East Carolina"
"108",108,"2015","4",108,"Jalston Fowler\FowlJa00","FB","Alabama"
"109",109,"2015","4",109,"Clayton Geathers\GeatCl00","S","Central Florida"
"110",110,"2015","4",110,"T.J. Clemmings\ClemT.00","T","Pittsburgh"
"111",111,"2015","4",111,"Tre' Jackson\JackTr00","G","Florida St."
"112",112,"2015","4",112,"Arie Kouandjio\KouaAr00","G","Alabama"
"113",113,"2015","4",113,"Gabe Wright\WrigGa00","DT","Auburn"
"114",114,"2015","4",114,"Jamil Douglas\DougJa00","G","Arizona St."
"115",115,"2015","4",115,"Ibraheim Campbell\CampIb00","S","Northwestern"
"116",116,"2015","4",116,"Rodney Gunter\GuntRo00","DT","Delaware St."
"117",117,"2015","4",117,"Blake Bell\BellBl00","TE","Oklahoma"
"118",118,"2015","4",118,"Ramik Wilson\WilsRa00","ILB","Georgia"
"119",119,"2015","4",119,"Andrew Donnal\DonnAn00","T","Iowa"
"120",120,"2015","4",120,"Josh Shaw\ShawJo00","CB","USC"
"121",121,"2015","4",121,"Doran Grant\GranDo00","CB","Ohio St."
"122",122,"2015","4",122,"Za'Darius Smith\SmitZa00","DE","Kentucky"
"123",123,"2015","4",123,"Vince Mayle\MaylVi00","WR","Washington St."
"124",124,"2015","4",124,"Kwon Alexander\AlexKw00","OLB","LSU"
"125",125,"2015","4",125,"Javorius Allen\AlleJa01","RB","USC"
"126",126,"2015","4",126,"Mike Davis\DaviMi01","RB","South Carolina"
"127",127,"2015","4",127,"Damien Wilson\WilsDa02","ILB","Minnesota"
"128",128,"2015","4",128,"Jon Feliciano\FeliJo00","G","Miami (FL)"
"129",129,"2015","4",129,"Jake Ryan\RyanJa00","OLB","Michigan"
"130",130,"2015","4",130,"Terry Poole\PoolTe00","G","San Diego St."
"131",131,"2015","4",131,"Shaq Mason\MasoSh01","C","Georgia Tech"
"132",132,"2015","4",132,"DeAndre Smelter\SmelDe00","WR","Georgia Tech"
"133",133,"2015","4",133,"Max Garcia\GarcMa00","C","Florida"
"134",134,"2015","4",134,"Mark Glowinski\GlowMa00","G","West Virginia"
"135",135,"2015","4",135,"Marcus Hardison\HardMa00","DE","Arizona St."
"136",136,"2015","4",136,"Tray Walker\WalkTr00","CB","Texas Southern"
"137",137,"2015","5",137,"Grady Jarrett\JarrGr00","NT","Clemson"
"138",138,"2015","5",138,"David Cobb\CobbDa00","RB","Minnesota"
"139",139,"2015","5",139,"Rashad Greene\GreeRa00","WR","Florida St."
"140",140,"2015","5",140,"Ben Heeney\HeenBe00","ILB","Kansas"
"141",141,"2015","5",141,"Martrell Spaight\SpaiMa00","OLB","Arkansas"
"142",142,"2015","5",142,"Adrian Amos\AmosAd00","S","Penn St."
"143",143,"2015","5",143,"MyCole Pruitt\PruiMy00","TE","Southern Illinois"
"144",144,"2015","5",144,"Mykkele Thompson\ThomMy00","S","Texas"
"145",145,"2015","5",145,"Bobby McCain\McCaBo01","CB","Memphis"
"146",146,"2015","5",146,"Stefon Diggs\DiggSt00","WR","Maryland"
"147",147,"2015","5",147,"Brett Hundley\HundBr00","QB","UCLA"
"148",148,"2015","5",148,"Davis Tull\TullDa00","OLB","Tenn-Chattanooga"
"149",149,"2015","5",149,"Jay Ajayi\AjayJa00","RB","Boise St."
"150",150,"2015","5",150,"Cedric Thompson\ThomCe00","S","Minnesota"
"151",151,"2015","5",151,"David Parry\ParrDa00","NT","Stanford"
"152",152,"2015","5",152,"Jarvis Harrison\HarrJa02","G","Texas A&M"
"153",153,"2015","5",153,"Kyle Emanuel\EmanKy00","OLB","North Dakota St."
"154",154,"2015","5",154,"Tyeler Davison\DaviTy01","DT","Fresno St."
"155",155,"2015","5",155,"Karlos Williams\WillKa01","RB","Florida St."
"156",156,"2015","5",156,"Tony Lippett\LippTo00","WR","Michigan St."
"157",157,"2015","5",157,"C.J. Uzomah\UzomC.00","TE","Auburn"
"158",158,"2015","5",158,"Shaquille Riddick\RiddSh00","DE","West Virginia"
"159",159,"2015","5",159,"JJ Nelson\NelsJJ00","WR","Ala-Birmingham"
"160",160,"2015","5",160,"Jesse James\JameJe00","TE","Penn St."
"161",161,"2015","5",161,"Neiron Ball\BallNe00","OLB","Florida"
"162",162,"2015","5",162,"Kenny Bell\BellKe02","WR","Nebraska"
"163",163,"2015","5",163,"Ryan Russell\RussRy00","DE","Purdue"
"164",164,"2015","5",164,"Lorenzo Doss\DossLo00","CB","Tulane"
"165",165,"2015","5",165,"Bradley Pinion\PiniBr00","P","Clemson"
"166",166,"2015","5",166,"Joe Cardona\CardJo00","LS","Navy"
"167",167,"2015","5",167,"Damian Swann\SwanDa02","CB","Georgia"
"168",168,"2015","5",168,"Michael Burton\BurtMi00","FB","Rutgers"
"169",169,"2015","5",169,"David Mayo\MayoDa00","LB","Texas St."
"170",170,"2015","5",170,"Tye Smith\SmitTy01","CB","Towson"
"171",171,"2015","5",171,"Nick Boyle\BoylNi00","TE","Delaware"
"172",172,"2015","5",172,"D.J. Alexander\AlexD.00","OLB","Oregon St."
"173",173,"2015","5",173,"James O'Shaughnessy\O'ShJa00","TE","Illinois St."
"174",174,"2015","5",174,"Cameron Artis-Payne\ArtiCa00","RB","Auburn"
"175",175,"2015","5",175,"Keith Mumphery\MumpKe00","WR","Michigan St."
"176",176,"2015","5",176,"Robert Myers\MyerRo01","G","Tennessee St."
"177",177,"2015","6",177,"Deiontrez Mount\MounDe00","OLB","Louisville"
"178",178,"2015","6",178,"Matthew Wells\WellMa00","LB","Mississippi St."
"179",179,"2015","6",179,"Max Valles\VallMa00","OLB","Virginia"
"180",180,"2015","6",180,"Michael Bennett\BennMi01","DT","Ohio St."
"181",181,"2015","6",181,"Kyshoen Jarrett\JarrKy00","S","Virginia Tech"
"182",182,"2015","6",182,"Tevin Mitchel\MitcTe01","CB","Arkansas"
"183",183,"2015","6",183,"Tayo Fabuluje\FabuTa00","T","TCU"
"184",184,"2015","6",184,"Kaelin Clay\ClayKa00","WR","Utah"
"185",185,"2015","6",185,"Tyrus Thompson\ThomTy01","T","Oklahoma"
"186",186,"2015","6",186,"Geremy Davis\DaviGe00","WR","Connecticut"
"187",187,"2015","6",187,"Evan Spencer\SpenEv00","WR","Ohio St."
"188",188,"2015","6",188,"Tony Steward\StewTo01","OLB","Clemson"
"189",189,"2015","6",189,"Charles Gaines\GainCh00","CB","Louisville"
"190",190,"2015","6",190,"Ian Silberman\SilbIa00","G","Boston Col."
"191",191,"2015","6",191,"JaCorey Shepherd\ShepJa00","CB","Kansas"
"192",192,"2015","6",192,"Darius Philon\PhilDa01","DT","Arkansas"
"193",193,"2015","6",193,"B.J. Dubose\DuboB.00","DE","Louisville"
"194",194,"2015","6",194,"Nick O'Leary\OLeaNi00","TE","Florida St."
"195",195,"2015","6",195,"Malcolm Johnson\JohnMa06","TE","Mississippi St."
"196",196,"2015","6",196,"Randall Evans\EvanRa00","CB","Kansas St."
"197",197,"2015","6",197,"Derron Smith\SmitDe05","S","Fresno St."
"198",198,"2015","6",198,"Randall Telfer\TelfRa00","TE","USC"
"199",199,"2015","6",199,"Leterrius Walton\WaltLe00","DT","Central Michigan"
"200",200,"2015","6",200,"Quandre Diggs\DiggQu00","CB","Texas"
"201",201,"2015","6",201,"Bud Sasser\SassBu00","WR","Missouri"
"202",202,"2015","6",202,"A.J. Derby\DerbA.00","TE","Arkansas"
"203",203,"2015","6",203,"Darius Kilgo\KilgDa01","NT","Maryland"
"204",204,"2015","6",204,"Darren Waller\WallDa01","WR","Georgia Tech"
"205",205,"2015","6",205,"Josh Robinson\RobiJo02","RB","Mississippi St."
"206",206,"2015","6",206,"Aaron Ripkowski\RipkAa00","FB","Oklahoma"
"207",207,"2015","6",207,"Amarlo Herrera\HerrAm00","ILB","Georgia"
"208",208,"2015","6",208,"Andy Gallik\GallAn00","C","Boston Col."
"209",209,"2015","6",209,"Obum Gwacham\GwacOb00","DE","Oregon St."
"210",210,"2015","6",210,"Christian Ringo\RingCh00","DE","Louisiana"
"211",211,"2015","6",211,"Reshard Cliett\ClieRe00","OLB","South Florida"
"212",212,"2015","6",212,"Anthony Chickillo\ChicAn00","DE","Miami (FL)"
"213",213,"2015","6",213,"Kennard Backman\BackKe00","TE","Ala-Birmingham"
"214",214,"2015","6",214,"Kristjan Sokoli\SokoKr00","DT","Buffalo"
"215",215,"2015","6",215,"Cody Wichmann\WichCo00","G","Fresno St."
"216",216,"2015","6",216,"Christian Covington\CoviCh00","DT","Rice"
"217",217,"2015","6",217,"Rakeem Nunez-Roches\NuneRa00","DT","Southern Miss"
"218",218,"2015","7",218,"Anthony Morris\MorrAn00","OL","Tennessee St."
"219",219,"2015","7",219,"Hayes Pullard\PullHa00","ILB","USC"
"220",220,"2015","7",220,"Neal Sterling\SterNe00","WR","Monmouth"
"221",221,"2015","7",221,"Andre Debose\DeboAn00","WR","Florida"
"222",222,"2015","7",222,"Austin Reiter\ReitAu00","C","South Florida"
"223",223,"2015","7",223,"Deon Simon\SimoDe00","NT","NW State (LA)"
"224",224,"2015","7",224,"Bryce Hager\HageBr00","ILB","Baylor"
"225",225,"2015","7",225,"Jake Rodgers\RodgJa03","T","East. Washington"
"226",226,"2015","7",226,"Bobby Hart\HartBo00","G","Florida St."
"227",227,"2015","7",227,"Martin Ifedi\IfedMa00","DE","Memphis"
"228",228,"2015","7",228,"Austin Shepherd\ShepAu00","T","Alabama"
"229",229,"2015","7",229,"Ben Koyack\KoyaBe00","TE","Notre Dame"
"230",230,"2015","7",230,"Marcus Murphy\MurpMa03","RB","Missouri"
"231",231,"2015","7",231,"Joey Iosefa\IoseJo00","FB","Hawaii"
"232",232,"2015","7",232,"Edmond Robinson\RobiEd00","OLB","Newberry"
"233",233,"2015","7",233,"Da'Ron Brown\BrowDa03","WR","Northern Illinois"
"234",234,"2015","7",234,"Dezmin Lewis\LewiDe02","WR","Central Arkansas"
"235",235,"2015","7",235,"Kenny Hilliard\HillKe01","RB","LSU"
"236",236,"2015","7",236,"Mark Nzeocha\NzeoMa00","OLB","Wyoming"
"237",237,"2015","7",237,"Brian Mihalik\MihaBr00","DE","Boston Col."
"238",238,"2015","7",238,"Mario Alford\AlfoMa00","WR","West Virginia"
"239",239,"2015","7",239,"Gerod Holliman\HollGe00","S","Louisville"
"240",240,"2015","7",240,"Corey Robinson\RobiCo00","T","South Carolina"
"241",241,"2015","7",241,"Ifo Ekpre-Olomu\EkprIf00","CB","Oregon"
"242",242,"2015","7",242,"Dexter McDonald\McDoDe02","CB","Kansas"
"243",243,"2015","7",243,"Laurence Gibson\GibsLa00","T","Virginia Tech"
"244",244,"2015","7",244,"Trent Brown\BrowTr02","G","Florida"
"245",245,"2015","7",245,"Tre McBride\McBrTr00","WR","William & Mary"
"246",246,"2015","7",246,"Geoff Swaim\SwaiGe00","TE","Texas"
"247",247,"2015","7",247,"Darryl Roberts\RobeDa00","CB","Marshall"
"248",248,"2015","7",248,"Ryan Murphy\MurpRy00","DB","Oregon St."
"249",249,"2015","7",249,"Akeem King\KingAk00","DB","San Jose St."
"250",250,"2015","7",250,"Trevor Siemian\SiemTr00","QB","Northwestern"
"251",251,"2015","7",251,"Taurean Nixon\NixoTa00","DB","Tulane"
"252",252,"2015","7",252,"Josh Furman\FurmJo00","DB","Oklahoma St."
"253",253,"2015","7",253,"Xzavier Dickson\DickXz00","OLB","Alabama"
"254",254,"2015","7",254,"Rory Anderson\AndeRo01","TE","South Carolina"
"255",255,"2015","7",255,"Denzelle Good\GoodDe01","T","Mars Hill"
"256",256,"2015","7",256,"Gerald Christian\ChriGe00","TE","Louisville"
"257",1,"2016","1",1,"Jared Goff\GoffJa00","QB","California"
"258",2,"2016","1",2,"Carson Wentz\WentCa00","QB","North Dakota St."
"259",3,"2016","1",3,"Joey Bosa\BosaJo00","DE","Ohio St."
"260",4,"2016","1",4,"Ezekiel Elliott\ElliEz00","RB","Ohio St."
"261",5,"2016","1",5,"Jalen Ramsey\RamsJa00","CB","Florida St."
"262",6,"2016","1",6,"Ronnie Stanley\StanRo00","T","Notre Dame"
"263",7,"2016","1",7,"DeForest Buckner\BuckDe00","DE","Oregon"
"264",8,"2016","1",8,"Jack Conklin\ConkJa00","T","Michigan St."
"265",9,"2016","1",9,"Leonard Floyd\FloyLe00","OLB","Georgia"
"266",10,"2016","1",10,"Eli Apple\ApplEl00","CB","Ohio St."
"267",11,"2016","1",11,"Vernon Hargreaves\HargVe00","CB","Florida"
"268",12,"2016","1",12,"Sheldon Rankins\RankSh00","DT","Louisville"
"269",13,"2016","1",13,"Laremy Tunsil\TunsLa00","T","Mississippi"
"270",14,"2016","1",14,"Karl Joseph\JoseKa00","S","West Virginia"
"271",15,"2016","1",15,"Corey Coleman\ColeCo00","WR","Baylor"
"272",16,"2016","1",16,"Taylor Decker\DeckTa00","T","Ohio St."
"273",17,"2016","1",17,"Keanu Neal\NealKe01","S","Florida"
"274",18,"2016","1",18,"Ryan Kelly\KellRy00","C","Alabama"
"275",19,"2016","1",19,"Shaq Lawson\LawsSh00","DE","Clemson"
"276",20,"2016","1",20,"Darron Lee\LeexDa00","OLB","Ohio St."
"277",21,"2016","1",21,"Will Fuller\FullWi01","WR","Notre Dame"
"278",22,"2016","1",22,"Josh Doctson\DoctJo00","WR","TCU"
"279",23,"2016","1",23,"Laquon Treadwell\TreaLa00","WR","Mississippi"
"280",24,"2016","1",24,"William Jackson\JackWi02","CB","Houston"
"281",25,"2016","1",25,"Artie Burns\BurnAr00","CB","Miami (FL)"
"282",26,"2016","1",26,"Paxton Lynch\LyncPa00","QB","Memphis"
"283",27,"2016","1",27,"Kenny Clark\ClarKe01","DT","UCLA"
"284",28,"2016","1",28,"Joshua Garnett\GarnJo00","G","Stanford"
"285",29,"2016","1",29,"Robert Nkemdiche\NkemRo00","DT","Mississippi"
"286",30,"2016","1",30,"Vernon Butler\ButlVe00","DT","Louisiana Tech"
"287",31,"2016","1",31,"Germain Ifedi\IfedGe00","G","Texas A&M"
"288",32,"2016","2",32,"Emmanuel Ogbah\OgbaEm00","DE","Oklahoma St."
"289",33,"2016","2",33,"Kevin Dodd\DoddKe00","DE","Clemson"
"290",34,"2016","2",34,"Jaylon Smith\SmitJa05","OLB","Notre Dame"
"291",35,"2016","2",35,"Hunter Henry\HenrHu00","TE","Arkansas"
"292",36,"2016","2",36,"Myles Jack\JackMy00","OLB","UCLA"
"293",37,"2016","2",37,"Chris Jones\JoneCh09","DT","Mississippi St."
"294",38,"2016","2",38,"Xavien Howard\HowaXa00","CB","Baylor"
"295",39,"2016","2",39,"Noah Spence\SpenNo00","DE","East. Kentucky"
"296",40,"2016","2",40,"Sterling Shepard\ShepSt00","WR","Oklahoma"
"297",41,"2016","2",41,"Reggie Ragland\RaglRe00","ILB","Alabama"
"298",42,"2016","2",42,"Kamalei Correa\CorrKa00","DE","Boise St."
"299",43,"2016","2",43,"Austin Johnson\JohnAu01","NT","Penn St."
"300",44,"2016","2",44,"Jihad Ward\WardJi02","DE","Illinois"
"301",45,"2016","2",45,"Derrick Henry\HenrDe00","RB","Alabama"
"302",46,"2016","2",46,"A'Shawn Robinson\RobiAS00","DT","Alabama"
"303",47,"2016","2",47,"Michael Thomas\ThomMi05","WR","Ohio St."
"304",48,"2016","2",48,"Jason Spriggs\SpriJa00","T","Indiana"
"305",49,"2016","2",49,"Jarran Reed\ReedJa02","DT","Alabama"
"306",50,"2016","2",50,"Nick Martin\MartNi00","G","Notre Dame"
"307",51,"2016","2",51,"Christian Hackenberg\HackCh01","QB","Penn St."
"308",52,"2016","2",52,"Deion Jones\JoneDe01","OLB","LSU"
"309",53,"2016","2",53,"Su'a Cravens\CravSu00","OLB","USC"
"310",54,"2016","2",54,"Mackensie Alexander\AlexMa01","CB","Clemson"
"311",55,"2016","2",55,"Tyler Boyd\BoydTy00","WR","Pittsburgh"
"312",56,"2016","2",56,"Cody Whitehair\WhitCo03","G","Kansas St."
"313",57,"2016","2",57,"T.J. Green\GreeT.00","S","Clemson"
"314",58,"2016","2",58,"Sean Davis\DaviSe00","CB","Maryland"
"315",59,"2016","2",59,"Roberto Aguayo\AguaRo00","K","Florida St."
"316",60,"2016","2",60,"Cyrus Jones\JoneCy00","CB","Alabama"
"317",61,"2016","2",61,"Vonn Bell\BellVo00","S","Ohio St."
"318",62,"2016","2",62,"James Bradberry\BradJa00","CB","Samford"
"319",63,"2016","2",63,"Adam Gotsis\GotsAd00","DT","Georgia Tech"
"320",64,"2016","3",64,"Kevin Byard\ByarKe01","S","Middle Tenn. St."
"321",65,"2016","3",65,"Carl Nassib\NassCa00","DE","Penn St."
"322",66,"2016","3",66,"Max Tuerk\TuerMa00","C","USC"
"323",67,"2016","3",67,"Maliek Collins\CollMa00","DT","Nebraska"
"324",68,"2016","3",68,"Will Redmond\RedmWi00","CB","Mississippi St."
"325",69,"2016","3",69,"Yannick Ngakoue\NgakYa00","DE","Maryland"
"326",70,"2016","3",70,"Bronson Kaufusi\KaufBr01","DE","BYU"
"327",71,"2016","3",71,"Darian Thompson\ThomDa05","S","Boise St."
"328",72,"2016","3",72,"Jonathan Bullard\BullJo00","DT","Florida"
"329",73,"2016","3",73,"Kenyan Drake\DrakKe00","RB","Alabama"
"330",74,"2016","3",74,"KeiVarae Russell\RussKe00","CB","Notre Dame"
"331",75,"2016","3",75,"Shilique Calhoun\CalhSh00","DE","Michigan St."
"332",76,"2016","3",76,"Shon Coleman\ColeSh00","T","Auburn"
"333",77,"2016","3",77,"Daryl Worley\WorlDa00","CB","West Virginia"
"334",78,"2016","3",78,"Joe Thuney\ThunJo00","G","North Carolina St."
"335",79,"2016","3",79,"Isaac Seumalo\SeumIs00","G","Oregon St."
"336",80,"2016","3",80,"Adolphus Washington\WashAd00","DT","Ohio St."
"337",81,"2016","3",81,"Austin Hooper\HoopAu00","TE","Stanford"
"338",82,"2016","3",82,"Le'Raven Clark\ClarLe01","T","Texas Tech"
"339",83,"2016","3",83,"Jordan Jenkins\JenkJo01","OLB","Georgia"
"340",84,"2016","3",84,"Kendall Fuller\FullKe00","CB","Virginia Tech"
"341",85,"2016","3",85,"Braxton Miller\MillBr03","WR","Ohio St."
"342",86,"2016","3",86,"Leonte Carroo\CarrLe00","WR","Rutgers"
"343",87,"2016","3",87,"Nick Vigil\VigiNi00","ILB","Utah St."
"344",88,"2016","3",88,"Kyler Fackrell\FackKy00","OLB","Utah St."
"345",89,"2016","3",89,"Javon Hargrave\HargJa00","DT","South Carolina St."
"346",90,"2016","3",90,"C.J. Prosise\ProsC.00","RB","Notre Dame"
"347",91,"2016","3",91,"Jacoby Brissett\BrisJa00","QB","North Carolina St."
"348",92,"2016","3",92,"Brandon Williams\WillBr07","CB","Texas A&M"
"349",93,"2016","3",93,"Cody Kessler\KessCo00","QB","USC"
"350",94,"2016","3",94,"Nick Vannett\VannNi00","TE","Ohio St."
"351",95,"2016","3",95,"Graham Glasgow\GlasGr00","C","Michigan"
"352",96,"2016","3",96,"Vincent Valentine\ValeVi00","DT","Nebraska"
"353",97,"2016","3",97,"Rees Odhiambo\OdhiRe00","G","Boise St."
"354",98,"2016","3",98,"Justin Simmons\SimmJu00","S","Boston Col."
"355",99,"2016","4",99,"Joe Schobert\SchoJo00","OLB","Wisconsin"
"356",100,"2016","4",100,"Connor Cook\CookCo00","QB","Michigan St."
"357",101,"2016","4",101,"Charles Tapper\TappCh00","DE","Oklahoma"
"358",102,"2016","4",102,"Joshua Perry\PerrJo01","ILB","Ohio St."
"359",103,"2016","4",103,"Sheldon Day\DayxSh00","DT","Notre Dame"
"360",104,"2016","4",104,"Tavon Young\YounTa01","CB","Temple"
"361",105,"2016","4",105,"Parker Ehinger\EhinPa00","G","Cincinnati"
"362",106,"2016","4",106,"Eric Murray\MurrEr00","CB","Minnesota"
"363",107,"2016","4",107,"Chris Moore\MoorCh00","WR","Cincinnati"
"364",108,"2016","4",108,"Ryan Smith\SmitRy00","CB","North Carolina Central"
"365",109,"2016","4",109,"B.J. Goodson\GoodB.00","OLB","Clemson"
"366",110,"2016","4",110,"Tyler Higbee\HigbTy00","TE","Western Kentucky"
"367",111,"2016","4",111,"Miles Killebrew\KillMi00","S","Southern Utah"
"368",112,"2016","4",112,"Malcolm Mitchell\MitcMa01","WR","Georgia"
"369",113,"2016","4",113,"Nick Kwiatkoski\KwiaNi00","ILB","West Virginia"
"370",114,"2016","4",114,"Ricardo Louis\LouiRi00","WR","Auburn"
"371",115,"2016","4",115,"De'Vondre Campbell\CampDe00","OLB","Minnesota"
"372",116,"2016","4",116,"Hassan Ridgeway\RidgHa00","DT","Texas"
"373",117,"2016","4",117,"Pharoh Cooper\CoopPh00","WR","South Carolina"
"374",118,"2016","4",118,"Juston Burris\BurrJu00","CB","North Carolina St."
"375",119,"2016","4",119,"Tyler Ervin\ErviTy00","RB","San Jose St."
"376",120,"2016","4",120,"David Onyemata\OnyeDa00","DT","Manitoba"
"377",121,"2016","4",121,"Willie Beavers\BeavWi00","T","West. Michigan"
"378",122,"2016","4",122,"Andrew Billings\BillAn00","NT","Baylor"
"379",123,"2016","4",123,"Jerald Hawkins\HawkJe00","T","LSU"
"380",124,"2016","4",124,"Deon Bush\BushDe00","S","Miami (FL)"
"381",125,"2016","4",125,"Antonio Morrison\MorrAn01","ILB","Florida"
"382",126,"2016","4",126,"Demarcus Robinson\RobiDe01","WR","Florida"
"383",127,"2016","4",127,"Deiondre' Hall\HallDe02","CB","Northern Iowa"
"384",128,"2016","4",128,"Evan Boehm\BoehEv00","C","Missouri"
"385",129,"2016","4",129,"Derrick Kindred\KindDe00","S","TCU"
"386",130,"2016","4",130,"Alex Lewis\LewiAl01","T","Nebraska"
"387",131,"2016","4",131,"Blake Martinez\MartBl01","LB","Stanford"
"388",132,"2016","4",132,"Willie Henry\HenrWi00","DT","Michigan"
"389",133,"2016","4",133,"Rashard Robinson\RobiRa00","CB","LSU"
"390",134,"2016","4",134,"Kenneth Dixon\DixoKe00","RB","Louisiana Tech"
"391",135,"2016","4",135,"Dak Prescott\PresDa01","QB","Mississippi St."
"392",136,"2016","4",136,"Devontae Booker\BookDe00","RB","Utah"
"393",137,"2016","4",137,"Dean Lowry\LowrDe00","DE","Northwestern"
"394",138,"2016","4",138,"Seth Devalve\DevaSe00","TE","Princeton"
"395",139,"2016","4",139,"Cardale Jones\JoneCa01","QB","Ohio St."
"396",140,"2016","5",140,"Tajae Sharpe\SharTa00","WR","Massachusetts"
"397",141,"2016","5",141,"Zack Sanchez\SancZa00","CB","Oklahoma"
"398",142,"2016","5",142,"Ronald Blair\BlaiRo00","DE","Appalachian St."
"399",143,"2016","5",143,"DeAndre Washington\WashDe00","RB","Texas Tech"
"400",144,"2016","5",144,"Connor McGovern\McGoCo00","G","Missouri"
"401",145,"2016","5",145,"John Theus\TheuJo00","T","Georgia"
"402",146,"2016","5",146,"Matt Judon\JudoMa00","DE","Grand Valley St."
"403",147,"2016","5",147,"Quinton Jefferson\JeffQu00","DT","Maryland"
"404",148,"2016","5",148,"Caleb Benenoch\BeneCa00","T","UCLA"
"405",149,"2016","5",149,"Paul Perkins\PerkPa00","RB","UCLA"
"406",150,"2016","5",150,"Jordan Howard\HowaJo00","RB","Indiana"
"407",151,"2016","5",151,"Joe Dahl\DahlJo00","G","Washington St."
"408",152,"2016","5",152,"Matthew Ioannidis\IoanMa01","DT","Temple"
"409",153,"2016","5",153,"Wendell Smallwood\SmalWe00","RB","West Virginia"
"410",154,"2016","5",154,"Jordan Payton\PaytJo00","WR","UCLA"
"411",155,"2016","5",155,"Joe Haeg\HaegJo00","T","North Dakota St."
"412",156,"2016","5",156,"Jonathan Williams\WillJo07","RB","Arkansas"
"413",157,"2016","5",157,"LeShaun Sims\SimsLe00","CB","Southern Utah"
"414",158,"2016","5",158,"Brandon Shell\ShelBr00","T","South Carolina"
"415",159,"2016","5",159,"K.J. Dillon\DillK.00","S","West Virginia"
"416",160,"2016","5",160,"Kentrell Brothers\BrotKe00","OLB","Missouri"
"417",161,"2016","5",161,"Christian Westerman\WestCh02","G","Arizona St."
"418",162,"2016","5",162,"Kevin Hogan\HogaKe00","QB","Stanford"
"419",163,"2016","5",163,"Trevor Davis\DaviTr03","WR","California"
"420",164,"2016","5",164,"Halapoulivaati Vaitai\VaitHa00","T","TCU"
"421",165,"2016","5",165,"Tyreek Hill\HillTy00","WR","West Alabama"
"422",166,"2016","5",166,"D.J. Reader\ReadD.00","NT","Clemson"
"423",167,"2016","5",167,"Marqui Christian\ChriMa00","S","Midwestern St."
"424",168,"2016","5",168,"Spencer Drango\DranSp00","G","Baylor"
"425",169,"2016","5",169,"Antwione Williams\WillAn01","LB","Georgia Southern"
"426",170,"2016","5",170,"Cole Toner\ToneCo00","T","Harvard"
"427",171,"2016","5",171,"Alex Collins\CollAl00","RB","Arkansas"
"428",172,"2016","5",172,"Rashard Higgins\HiggRa00","WR","Colorado St."
"429",173,"2016","5",173,"Trey Caldwell\CaldTr00","DB","La-Monroe"
"430",174,"2016","5",174,"Fahn Cooper\CoopFa00","T","Mississippi"
"431",175,"2016","5",175,"Jatavis Brown\BrowJa05","OLB","Akron"
"432",176,"2016","6",176,"Andy Janovich\JanoAn00","FB","Nebraska"
"433",177,"2016","6",177,"Temarrick Hemingway\HemiTe00","TE","South Carolina St."
"434",178,"2016","6",178,"D.J. White\WhitD.00","CB","Georgia Tech"
"435",179,"2016","6",179,"Drew Kaser\KaseDr00","P","Texas A&M"
"436",180,"2016","6",180,"Moritz Boehringer\BoehMo00","WR",NA
"437",181,"2016","6",181,"Tyrone Holmes\HolmTy01","OLB","Montana"
"438",182,"2016","6",182,"Keenan Reynolds\ReynKe00","RB","Navy"
"439",183,"2016","6",183,"Devante Bond\BondDe00","OLB","Oklahoma"
"440",184,"2016","6",184,"Jerell Adams\AdamJe01","TE","South Carolina"
"441",185,"2016","6",185,"DeAndre Houston-Carson\HousDe00","S","William & Mary"
"442",186,"2016","6",186,"Jakeem Grant\GranJa00","WR","Texas Tech"
"443",187,"2016","6",187,"Nate Sudfeld\SudfNa00","QB","Indiana"
"444",188,"2016","6",188,"David Morgan\MorgDa01","TE","Texas-San Antonio"
"445",189,"2016","6",189,"Anthony Brown\BrowAn02","CB","Purdue"
"446",190,"2016","6",190,"Josh Forrest\ForrJo00","ILB","Kentucky"
"447",191,"2016","6",191,"Jake Rudock\RudoJa00","QB","Michigan"
"448",192,"2016","6",192,"Kolby Listenbee\ListKo00","WR","TCU"
"449",193,"2016","6",193,"Sebastian Tretola\TretSe00","G","Arkansas"
"450",194,"2016","6",194,"Cory James\JameCo00","OLB","Colorado St."
"451",195,"2016","6",195,"Wes Schweitzer\SchwWe00","G","San Jose St."
"452",196,"2016","6",196,"Blake Countess\CounBl00","CB","Auburn"
"453",197,"2016","6",197,"Danny Vitale\VitaDa00","FB","Northwestern"
"454",198,"2016","6",198,"Derek Watt\WattDe00","FB","Wisconsin"
"455",199,"2016","6",199,"Cody Core\CoreCo00","WR","Mississippi"
"456",200,"2016","6",200,"Kyle Murphy\MurpKy00","T","Stanford"
"457",201,"2016","6",201,"Brandon Allen\AlleBr00","QB","Arkansas"
"458",202,"2016","6",202,"Anthony Zettel\ZettAn00","DT","Penn St."
"459",203,"2016","6",203,"Dadi Nicolas\NicoDa00","DE","Virginia Tech"
"460",204,"2016","6",204,"Jordan Lucas\LucaJo00","S","Penn St."
"461",205,"2016","6",205,"Harlan Miller\MillHa00","CB","SE Louisiana"
"462",206,"2016","6",206,"Mike Thomas\ThomMi04","WR","Southern Miss"
"463",207,"2016","6",207,"Jeff Driskel\DrisJe00","QB","Louisiana Tech"
"464",208,"2016","6",208,"Kamu Grugier-Hill\GrugKa00","OLB","East. Illinois"
"465",209,"2016","6",209,"Maurice Canady\CanaMa00","CB","Virginia"
"466",210,"2016","6",210,"Jimmy Landes\LandJi00","LS","Baylor"
"467",211,"2016","6",211,"Kelvin Taylor\TaylKe01","RB","Florida"
"468",212,"2016","6",212,"Kavon Frazier\FrazKa00","S","Central Michigan"
"469",213,"2016","6",213,"Aaron Burbridge\BurbAa00","WR","Michigan St."
"470",214,"2016","6",214,"Elandon Roberts\RobeEl00","ILB","Houston"
"471",215,"2016","6",215,"Joey Hunt\HuntJo00","C","TCU"
"472",216,"2016","6",216,"Darius Jackson\JackDa01","RB","East. Michigan"
"473",217,"2016","6",217,"Rico Gathers\GathRi00","TE","Baylor"
"474",218,"2016","6",218,"Kevon Seymour\SeymKe00","CB","USC"
"475",219,"2016","6",219,"Will Parks\ParkWi01","S","Arizona"
"476",220,"2016","6",220,"Travis Feeney\FeenTr00","OLB","Washington"
"477",221,"2016","6",221,"Ted Karras\KarrTe00","G","Illinois"
"478",222,"2016","7",222,"Aaron Wallace\WallAa00","OLB","UCLA"
"479",223,"2016","7",223,"Brandon Doughty\DougBr00","QB","Western Kentucky"
"480",224,"2016","7",224,"Donavon Clark\ClarDo00","G","Michigan St."
"481",225,"2016","7",225,"Devin Lucien\LuciDe00","WR","Arizona St."
"482",226,"2016","7",226,"Jonathan Woodard\WoodJo00","DE","Central Arkansas"
"483",227,"2016","7",227,"Stephen Weatherly\WeatSt00","OLB","Vanderbilt"
"484",228,"2016","7",228,"Riley Dixon\DixoRi00","P","Syracuse"
"485",229,"2016","7",229,"Demarcus Ayers\AyerDe00","WR","Houston"
"486",230,"2016","7",230,"Daniel Braverman\BravDa00","WR","West. Michigan"
"487",231,"2016","7",231,"Thomas Duarte\DuarTh00","TE","UCLA"
"488",232,"2016","7",232,"Steven Daniels\DaniSt00","ILB","Boston Col."
"489",233,"2016","7",233,"Jalen Mills\MillJa02","S","LSU"
"490",234,"2016","7",234,"Vadal Alexander\AlexVa00","G","LSU"
"491",235,"2016","7",235,"Lac Edwards\EdwaLa01","P","Sam Houston St."
"492",236,"2016","7",236,"Dwayne Washington\WashDw00","RB","Washington"
"493",237,"2016","7",237,"Daniel Lasco\LascDa00","RB","California"
"494",238,"2016","7",238,"Devin Fuller\FullDe00","WR","UCLA"
"495",239,"2016","7",239,"Trevor Bates\BateTr00","LB","Maine"
"496",240,"2016","7",240,"Alex McCalister\McCaAl00","DE","Florida"
"497",241,"2016","7",241,"Charone Peake\PeakCh00","WR","Clemson"
"498",242,"2016","7",242,"Keith Marshall\MarsKe00","RB","Georgia"
"499",243,"2016","7",243,"Kenny Lawler\LawlKe00","WR","California"
"500",244,"2016","7",244,"Jayron Kearse\KearJa00","S","Clemson"
"501",245,"2016","7",245,"Clayton Fejedelem\FejeCl00","S","Illinois"
"502",246,"2016","7",246,"Tyler Matakevich\MataTy00","OLB","Temple"
"503",247,"2016","7",247,"Zac Brooks\BrooZa00","RB","Clemson"
"504",248,"2016","7",248,"Austin Blythe\BlytAu00","C","Iowa"
"505",249,"2016","7",249,"Prince Charles Iworah\IworPr00","CB","Western Kentucky"
"506",250,"2016","7",250,"Scooby Wright\WrigSc00","ILB","Arizona"
"507",251,"2016","7",251,"Joe Walker\WalkJo01","ILB","Oregon"
"508",252,"2016","7",252,"Beau Sandland\SandBe00","TE","Montana St."
"509",253,"2016","7",253,"Kalan Reed\ReedKa00","CB","Southern Miss"
"510",1,"2017","1",1,"Myles Garrett\GarrMy00","DE","Texas A&M"
"511",2,"2017","1",2,"Mitchell Trubisky\TrubMi00","QB","North Carolina"
"512",3,"2017","1",3,"Solomon Thomas\ThomSo00","DE","Stanford"
"513",4,"2017","1",4,"Leonard Fournette\FourLe00","RB","LSU"
"514",5,"2017","1",5,"Corey Davis\DaviCo03","WR","West. Michigan"
"515",6,"2017","1",6,"Jamal Adams\AdamJa00","S","LSU"
"516",7,"2017","1",7,"Mike Williams\WillMi07","WR","Clemson"
"517",8,"2017","1",8,"Christian McCaffrey\McCaCh01","RB","Stanford"
"518",9,"2017","1",9,"John Ross\RossJo00","WR","Washington"
"519",10,"2017","1",10,"Patrick Mahomes\MahoPa00","QB","Texas Tech"
"520",11,"2017","1",11,"Marshon Lattimore\LattMa01","CB","Ohio St."
"521",12,"2017","1",12,"Deshaun Watson\WatsDe00","QB","Clemson"
"522",13,"2017","1",13,"Haason Reddick\ReddHa00","LB","Temple"
"523",14,"2017","1",14,"Derek Barnett\BarnDe01","DE","Tennessee"
"524",15,"2017","1",15,"Malik Hooker\HookMa00","S","Ohio St."
"525",16,"2017","1",16,"Marlon Humphrey\HumpMa00","CB","Alabama"
"526",17,"2017","1",17,"Jonathan Allen\AlleJo01","DE","Alabama"
"527",18,"2017","1",18,"Adoree' Jackson\JackAd00","CB","USC"
"528",19,"2017","1",19,"O.J. Howard\HowaO.00","TE","Alabama"
"529",20,"2017","1",20,"Garett Bolles\BollGa00","T","Utah"
"530",21,"2017","1",21,"Jarrad Davis\DaviJa01","LB","Florida"
"531",22,"2017","1",22,"Charles Harris\HarrCh03","OLB","Missouri"
"532",23,"2017","1",23,"Evan Engram\EngrEv00","TE","Mississippi"
"533",24,"2017","1",24,"Gareon Conley\ConlGa00","CB","Ohio St."
"534",25,"2017","1",25,"Jabrill Peppers\PeppJa00","S","Michigan"
"535",26,"2017","1",26,"Takkarist McKinley\McKiTa00","DE","UCLA"
"536",27,"2017","1",27,"TreDavious White\WhitTr01","CB","LSU"
"537",28,"2017","1",28,"Taco Charlton\CharTa00","DE","Michigan"
"538",29,"2017","1",29,"David Njoku\NjokDa00","TE","Miami (FL)"
"539",30,"2017","1",30,"T.J. Watt\WattT.00","OLB","Wisconsin"
"540",31,"2017","1",31,"Reuben Foster\FostRe00","LB","Alabama"
"541",32,"2017","1",32,"Ryan Ramczyk\RamcRy00","T","Wisconsin"
"542",33,"2017","2",33,"Kevin King\KingKe01","CB","Washington"
"543",34,"2017","2",34,"Cam Robinson\RobiCa00","T","Alabama"
"544",35,"2017","2",35,"Malik McDowell\McDoMa00","DT","Michigan St."
"545",36,"2017","2",36,"Budda Baker\BakeBu00","S","Washington"
"546",37,"2017","2",37,"Zay Jones\JoneZa00","WR","East Carolina"
"547",38,"2017","2",38,"Forrest Lamp\LampFo00","G","Western Kentucky"
"548",39,"2017","2",39,"Marcus Maye\MayeMa00","S","Florida"
"549",40,"2017","2",40,"Curtis Samuel\SamuCu00","WR","Ohio St."
"550",41,"2017","2",41,"Dalvin Cook\CookDa01","RB","Florida St."
"551",42,"2017","2",42,"Marcus Williams\WillMa06","S","Utah"
"552",43,"2017","2",43,"Sidney Jones\JoneSi00","CB","Washington"
"553",44,"2017","2",44,"Gerald Everett\EverGe00","TE","South Alabama"
"554",45,"2017","2",45,"Adam Shaheen\ShahAd00","TE","Ashland"
"555",46,"2017","2",46,"Quincy Wilson\WilsQu01","CB","Florida"
"556",47,"2017","2",47,"Tyus Bowser\BowsTy00","OLB","Houston"
"557",48,"2017","2",48,"Joe Mixon\MixoJo00","RB","Oklahoma"
"558",49,"2017","2",49,"Ryan Anderson\AndeRy00","OLB","Alabama"
"559",50,"2017","2",50,"Justin Evans\EvanJu00","S","Texas A&M"
"560",51,"2017","2",51,"DeMarcus Walker\WalkDe03","DE","Florida St."
"561",52,"2017","2",52,"DeShone Kizer\KizeDe00","QB","Notre Dame"
"562",53,"2017","2",53,"Teez Tabor\TaboTe00","CB","Florida"
"563",54,"2017","2",54,"Raekwon McMillan\McMiRa02","LB","Ohio St."
"564",55,"2017","2",55,"Dalvin Tomlinson\TomlDa00","DT","Alabama"
"565",56,"2017","2",56,"Obi Melifonwu\MeliOb00","S","Connecticut"
"566",57,"2017","2",57,"Zach Cunningham\CunnZa00","LB","Vanderbilt"
"567",58,"2017","2",58,"Ethan Pocic\PociEt00","C","LSU"
"568",59,"2017","2",59,"Tanoh Kpassagnon\KpasTa00","DE","Villanova"
"569",60,"2017","2",60,"Chidobe Awuzie\AwuzCh00","CB","Colorado"
"570",61,"2017","2",61,"Josh Jones\JoneJo06","S","North Carolina St."
"571",62,"2017","2",62,"JuJu Smith-Schuster\SmitJu00","WR","USC"
"572",63,"2017","2",63,"Dion Dawkins\DawkDi00","G","Temple"
"573",64,"2017","2",64,"Taylor Moton\MotoTa00","G","West. Michigan"
"574",65,"2017","3",65,"Larry Ogunjobi\OgunLa00","DT","Charlotte"
"575",66,"2017","3",66,"Ahkello Witherspoon\WithAh00","CB","Colorado"
"576",67,"2017","3",67,"Alvin Kamara\KamaAl00","RB","Tennessee"
"577",68,"2017","3",68,"Dawuane Smoot\SmooDa00","DE","Illinois"
"578",69,"2017","3",69,"Cooper Kupp\KuppCo00","WR","East. Washington"
"579",70,"2017","3",70,"Pat Elflein\ElflPa00","C","Ohio St."
"580",71,"2017","3",71,"Dan Feeney\FeenDa00","G","Indiana"
"581",72,"2017","3",72,"Taywan Taylor\TaylTa00","WR","Western Kentucky"
"582",73,"2017","3",73,"Jordan Willis\WillJo09","OLB","Kansas St."
"583",74,"2017","3",74,"Chris Wormley\WormCh00","DE","Michigan"
"584",75,"2017","3",75,"Duke Riley\RileDu00","LB","LSU"
"585",76,"2017","3",76,"Alex Anzalone\AnzaAl00","LB","Florida"
"586",77,"2017","3",77,"Daeshon Hall\HallDa01","DE","Texas A&M"
"587",78,"2017","3",78,"Tim Williams\WillTi00","OLB","Alabama"
"588",79,"2017","3",79,"ArDarius Stewart\StewAr00","WR","Alabama"
"589",80,"2017","3",80,"Tarell Basham\BashTa00","DE","Ohio"
"590",81,"2017","3",81,"Fabian Moreau\MoreFa00","CB","UCLA"
"591",82,"2017","3",82,"Carlos Henderson\HendCa01","WR","Louisiana Tech"
"592",83,"2017","3",83,"Derek Rivers\RiveDe00","DE","Youngstown St."
"593",84,"2017","3",84,"Chris Godwin\GodwCh00","WR","Penn St."
"594",85,"2017","3",85,"Antonio Garcia\GarcAn00","T","Troy"
"595",86,"2017","3",86,"Kareem Hunt\HuntKa00","RB","Toledo"
"596",87,"2017","3",87,"Davis Webb\WebbDa00","QB","California"
"597",88,"2017","3",88,"Eddie Vanderdoes\VandEd00","DT","UCLA"
"598",89,"2017","3",89,"D'Onta Foreman\ForeDO00","RB","Texas"
"599",90,"2017","3",90,"Shaquill Griffin\GrifSh00","DB","Central Florida"
"600",91,"2017","3",91,"John Johnson\JohnJo10","S","Boston Col."
"601",92,"2017","3",92,"Jourdan Lewis\LewiJo01","CB","Michigan"
"602",93,"2017","3",93,"Montravius Adams\AdamMo00","DT","Auburn"
"603",94,"2017","3",94,"Cameron Sutton\SuttCa00","CB","Tennessee"
"604",95,"2017","3",95,"Delano Hill\HillDe02","S","Michigan"
"605",96,"2017","3",96,"Kenny Golladay\GollKe00","WR","Northern Illinois"
"606",97,"2017","3",97,"Cordrea Tankersley\TankCo00","CB","Clemson"
"607",98,"2017","3",98,"Chad Williams\WillCh05","WR","Grambling St."
"608",99,"2017","3",99,"Rasul Douglas\DougRa00","CB","West Virginia"
"609",100,"2017","3",100,"Jonnu Smith\SmitJo01","TE","Florida International"
"610",101,"2017","3",101,"Brendan Langley\LangBr00","CB","Lamar"
"611",102,"2017","3",102,"Nazair Jones\JoneNa00","DT","North Carolina"
"612",103,"2017","3",103,"Trey Hendrickson\HendTr00","OLB","Florida Atlantic"
"613",104,"2017","3",104,"C.J. Beathard\BeatC.00","QB","Iowa"
"614",105,"2017","3",105,"James Conner\ConnJa00","RB","Pittsburgh"
"615",106,"2017","3",106,"Amara Darboh\DarbAm00","WR","Michigan"
"616",107,"2017","3",107,"Kendell Beckwith\BeckKe00","ILB","LSU"
"617",108,"2017","4",108,"Vince Biegel\BiegVi00","LB","Wisconsin"
"618",109,"2017","4",109,"Jaleel Johnson\JohnJa09","DT","Iowa"
"619",110,"2017","4",110,"Dede Westbrook\WestDe00","WR","Oklahoma"
"620",111,"2017","4",111,"Tedric Thompson\ThomTe00","S","Colorado"
"621",112,"2017","4",112,"Eddie Jackson\JackEd01","S","Alabama"
"622",113,"2017","4",113,"Rayshawn Jenkins\JenkRa00","S","Miami (FL)"
"623",114,"2017","4",114,"Samaje Perine\PeriSa00","RB","Oklahoma"
"624",115,"2017","4",115,"Dorian Johnson\JohnDo03","G","Pittsburgh"
"625",116,"2017","4",116,"Carl Lawson\LawsCa00","OLB","Auburn"
"626",117,"2017","4",117,"Josh Reynolds\ReynJo00","WR","Texas A&M"
"627",118,"2017","4",118,"Mack Hollins\HollMa00","WR","North Carolina"
"628",119,"2017","4",119,"Tarik Cohen\CoheTa00","RB","North Carolina A&T"
"629",120,"2017","4",120,"Ben Gedeon\GedeBe00","ILB","Michigan"
"630",121,"2017","4",121,"Joe Williams\WillJo12","RB","Utah"
"631",122,"2017","4",122,"Nico Siragusa\SiraNi00","G","San Diego St."
"632",123,"2017","4",123,"Montae Nicholson\NichMo00","S","Michigan St."
"633",124,"2017","4",124,"Jalen Reeves-Maybin\ReevJa00","LB","Tennessee"
"634",125,"2017","4",125,"Samson Ebukam\EbukSa00","OLB","East. Washington"
"635",126,"2017","4",126,"Howard Wilson\WilsHo00","CB","Houston"
"636",127,"2017","4",127,"Michael Roberts\RobeMi01","TE","Toledo"
"637",128,"2017","4",128,"Josh Malone\MaloJo00","WR","Tennessee"
"638",129,"2017","4",129,"David Sharpe\SharDa02","T","Florida"
"639",130,"2017","4",130,"Julie'n Davenport\DaveJu00","T","Bucknell"
"640",131,"2017","4",131,"Deatrich Wise\WiseDe00","DE","Arkansas"
"641",132,"2017","4",132,"Donnel Pumphrey\PumpDo00","RB","San Diego St."
"642",133,"2017","4",133,"Ryan Switzer\SwitRy00","WR","North Carolina"
"643",134,"2017","4",134,"Jamaal Williams\WillJa06","RB","BYU"
"644",135,"2017","4",135,"Joshua Dobbs\DobbJo00","QB","Tennessee"
"645",136,"2017","4",136,"Sean Harlow\HarlSe00","G","Oregon St."
"646",137,"2017","4",137,"Zach Banner\BannZa00","T","USC"
"647",138,"2017","4",138,"Ryan Glasgow\GlasRy00","DT","Michigan"
"648",139,"2017","4",139,"Jehu Chesson\ChesJe00","WR","Michigan"
"649",140,"2017","4",140,"Wayne Gallman\GallWa00","RB","Clemson"
"650",141,"2017","4",141,"Chad Hansen\HansCh00","WR","California"
"651",142,"2017","4",142,"Carlos Watkins\WatkCa00","DT","Clemson"
"652",143,"2017","4",143,"Marlon Mack\MackMa00","RB","South Florida"
"653",144,"2017","4",144,"Grover Stewart\StewGr00","DT","Albany State (GA)"
"654",145,"2017","5",145,"Jake Butt\ButtJa00","TE","Michigan"
"655",146,"2017","5",146,"George Kittle\KittGe00","TE","Iowa"
"656",147,"2017","5",147,"Jordan Morgan\MorgJo02","G","Kutztown Pennsylvania"
"657",148,"2017","5",148,"Blair Brown\BrowBl00","LB","Ohio"
"658",149,"2017","5",149,"Damontae Kazee\KazeDa00","CB","San Diego St."
"659",150,"2017","5",150,"Jordan Leggett\LeggJo00","TE","Clemson"
"660",151,"2017","5",151,"Desmond King\KingDe01","S","Iowa"
"661",152,"2017","5",152,"Corn Elder\EldeCo00","CB","Miami (FL)"
"662",153,"2017","5",153,"Jake Elliott\ElliJa03","K","Memphis"
"663",154,"2017","5",154,"Jeremy Sprinkle\SpriJe00","TE","Arkansas"
"664",155,"2017","5",155,"Jayon Brown\BrowJa06","LB","UCLA"
"665",156,"2017","5",156,"Brian Hill\HillBr02","RB","Wyoming"
"666",157,"2017","5",157,"Will Holden\HoldWi00","T","Vanderbilt"
"667",158,"2017","5",158,"Nate Hairston\HairNa00","CB","Temple"
"668",159,"2017","5",159,"Jermaine Eluemunor\ElueJe00","G","Texas A&M"
"669",160,"2017","5",160,"Roderick Johnson\JohnRo06","T","Florida St."
"670",161,"2017","5",161,"Anthony Walker\WalkAn01","LB","Northwestern"
"671",162,"2017","5",162,"Jeremy McNichols\McNiJe00","RB","Boise St."
"672",163,"2017","5",163,"Matt Milano\MilaMa00","LB","Boston Col."
"673",164,"2017","5",164,"Isaac Asiata\AsiaIs00","G","Utah"
"674",165,"2017","5",165,"Jamal Agnew\AgneJa00","CB","San Diego"
"675",166,"2017","5",166,"Shelton Gibson\GibsSh00","WR","West Virginia"
"676",167,"2017","5",167,"Avery Moss\MossAv00","DE","Youngstown St."
"677",168,"2017","5",168,"Marquel Lee\LeexMa01","LB","Wake Forest"
"678",169,"2017","5",169,"Treston Decoud\DecoTr00","S","Oregon St."
"679",170,"2017","5",170,"Rodney Adams\AdamRo01","WR","South Florida"
"680",171,"2017","5",171,"Nathan Peterman\PeteNa00","QB","Pittsburgh"
"681",172,"2017","5",172,"Isaiah McKenzie\McKeIs00","WR","Georgia"
"682",173,"2017","5",173,"Brian Allen\AlleBr01","DB","Utah"
"683",174,"2017","5",174,"Eric Saubert\SaubEr00","TE","Drake"
"684",175,"2017","5",175,"DeAngelo Yancey\YancDe00","WR","Purdue"
"685",176,"2017","5",176,"JJ Dielman\DielJJ00","C","Utah"
"686",177,"2017","5",177,"Trent Taylor\TaylTr02","WR","Louisiana Tech"
"687",178,"2017","5",178,"Davon Godchaux\GodcDa00","DT","LSU"
"688",179,"2017","5",179,"T.J. Logan\LogaT.00","RB","North Carolina"
"689",180,"2017","5",180,"Danny Isidora\IsidDa00","G","Miami (FL)"
"690",181,"2017","5",181,"Dylan Donahue\DonaDy00","DL","West Georgia"
"691",182,"2017","5",182,"Aaron Jones\JoneAa00","RB","Texas-El Paso"
"692",183,"2017","5",183,"Ukeme Eligwe\EligUk00","LB","Georgia Southern"
"693",184,"2017","5",184,"Nathan Gerry\GerrNa00","S","Nebraska"
"694",185,"2017","6",185,"Caleb Brantley\BranCa00","DT","Florida"
"695",186,"2017","6",186,"Chuck Clark\ClarCh00","DB","Virginia Tech"
"696",187,"2017","6",187,"Michael Tyson\TysoMi00","S","Cincinnati"
"697",188,"2017","6",188,"Elijah McGuire\McGuEl00","RB","Louisiana"
"698",189,"2017","6",189,"Tanzel Smart\SmarTa00","DT","Tulane"
"699",190,"2017","6",190,"Sam Tevi\TeviSa00","T","Utah"
"700",191,"2017","6",191,"Xavier Woods\WoodXa00","S","Louisiana Tech"
"701",192,"2017","6",192,"Alex Armah\ArmaAl00","FB","West Georgia"
"702",193,"2017","6",193,"Jordan Evans\EvanJo01","LB","Oklahoma"
"703",194,"2017","6",194,"Vincent Taylor\TaylVi00","DT","Oklahoma St."
"704",195,"2017","6",195,"Tanner Vallejo\VallTa00","LB","Boise St."
"705",196,"2017","6",196,"Al-Quadin Muhammad\MuhaAl00","DE","Miami (FL)"
"706",197,"2017","6",197,"Jeremy Clark\ClarJe04","CB","Michigan"
"707",198,"2017","6",198,"D.J. Jones\JoneD.01","DT","Mississippi"
"708",199,"2017","6",199,"Chase Roullier\RoulCh00","C","Wyoming"
"709",200,"2017","6",200,"Adam Bisnowaty\BisnAd00","T","Pittsburgh"
"710",201,"2017","6",201,"Bucky Hodges\HodgBu00","TE","Virginia Tech"
"711",202,"2017","6",202,"Pita Taumoepenu\TaumPi00","OLB","Utah"
"712",203,"2017","6",203,"De'Angelo Henderson\HendDe01","RB","Coastal Carolina"
"713",204,"2017","6",204,"Derrick Jones\JoneDe02","CB","Mississippi"
"714",205,"2017","6",205,"Jeremiah Ledbetter\LedbJe00","DE","Arkansas"
"715",206,"2017","6",206,"Sam Rogers\RogeSa00","FB","Virginia Tech"
"716",207,"2017","6",207,"Brandon Wilson\WilsBr01","RB","Houston"
"717",208,"2017","6",208,"Rudy Ford\FordRu00","S","Auburn"
"718",209,"2017","6",209,"Robert Davis\DaviRo00","WR","Georgia St."
"719",210,"2017","6",210,"Justin Senior\SeniJu00","T","Mississippi St."
"720",211,"2017","6",211,"Conor McDermott\McDeCo00","T","UCLA"
"721",212,"2017","6",212,"Kofi Amichia\AmicKo00","C","South Florida"
"722",213,"2017","6",213,"Colin Holba\HolbCo00","LS","Louisville"
"723",214,"2017","6",214,"Elijah Qualls\QualEl00","DT","Washington"
"724",215,"2017","6",215,"Brad Kaaya\KaayBr00","QB","Miami (FL)"
"725",216,"2017","6",216,"Marquez White\WhitMa03","CB","Florida St."
"726",217,"2017","6",217,"Corey Levin\LeviCo00","OL","Tenn-Chattanooga"
"727",218,"2017","6",218,"Leon McQuay\McQuLe01","S","USC"
"728",219,"2017","7",219,"Stacy Coley\ColeSt00","WR","Miami (FL)"
"729",220,"2017","7",220,"Ifeadi Odenigbo\OdenIf00","DL","Northwestern"
"730",221,"2017","7",221,"Shalom Luani\LuanSh00","S","Washington St."
"731",222,"2017","7",222,"Jalen Myrick\MyriJa00","CB","Minnesota"
"732",223,"2017","7",223,"Stevie Tu'ikolovatu\TuikSt00","NT","USC"
"733",224,"2017","7",224,"Zane Gonzalez\GonzZa00","K","Arizona St."
"734",225,"2017","7",225,"Isaac Rochell\RochIs00","DT","Notre Dame"
"735",226,"2017","7",226,"David Moore\MoorDa03","WR","East Central (OK)"
"736",227,"2017","7",227,"Josh Carraway\CarrJo00","OLB","TCU"
"737",228,"2017","7",228,"Joey Ivie\IvieJo00","DT","Florida"
"738",229,"2017","7",229,"Adrian Colbert\ColbAd00","DB","Miami (FL)"
"739",230,"2017","7",230,"Josh Harvey-Clemons\HarvJo01","S","Louisville"
"740",231,"2017","7",231,"Jylan Ware\WareJy00","T","Alabama St."
"741",232,"2017","7",232,"Elijah Lee\LeexEl00","LB","Kansas St."
"742",233,"2017","7",233,"Harrison Butker\ButkHa00","K","Georgia Tech"
"743",234,"2017","7",234,"Ejuan Price\PricEj00","DE","Pittsburgh"
"744",235,"2017","7",235,"Joshua Holsey\HolsJo01","DB","Auburn"
"745",236,"2017","7",236,"Brad Seaton\SeatBr00","T","Villanova"
"746",237,"2017","7",237,"Isaiah Ford\FordIs00","WR","Virginia Tech"
"747",238,"2017","7",238,"Devante Mays\MaysDe00","RB","Utah St."
"748",239,"2017","7",239,"Noah Brown\BrowNo00","WR","Ohio St."
"749",240,"2017","7",240,"Marquez Williams\WillMa09","FB","Miami (FL)"
"750",241,"2017","7",241,"Khalfani Muhammad\MuhaKh00","RB","California"
"751",242,"2017","7",242,"Elijah Hood\HoodEl00","RB","North Carolina"
"752",243,"2017","7",243,"Kyle Fuller\FullKy01","C","Baylor"
"753",244,"2017","7",244,"Treyvon Hester\HestTr00","DT","Toledo"
"754",245,"2017","7",245,"Jack Tocho\TochJa00","CB","North Carolina St."
"755",246,"2017","7",246,"Jordan Carrell\CarrJo01","DT","Colorado"
"756",247,"2017","7",247,"Malachi Dupre\DuprMa01","WR","LSU"
"757",248,"2017","7",248,"Keion Adams\AdamKe02","OLB","West. Michigan"
"758",249,"2017","7",249,"Chris Carson\CarsCh00","RB","Oklahoma St."
"759",250,"2017","7",250,"Pat O'Connor\OConPa00","DE","East. Michigan"
"760",251,"2017","7",251,"Mason Schreck\SchrMa00","TE","Buffalo"
"761",252,"2017","7",252,"Matthew Dayes\DayeMa00","RB","North Carolina St."
"762",253,"2017","7",253,"Chad Kelly\KellCh00","QB","Mississippi"
"763",1,"2018","1",1,"Baker Mayfield\MayfBa00","QB","Oklahoma"
"764",2,"2018","1",2,"Saquon Barkley\BarkSa00","RB","Penn St."
"765",3,"2018","1",3,"Sam Darnold\DarnSa00","QB","USC"
"766",4,"2018","1",4,"Denzel Ward\WardDe02","CB","Ohio St."
"767",5,"2018","1",5,"Bradley Chubb\ChubBr00","DE","North Carolina St."
"768",6,"2018","1",6,"Quenton Nelson\NelsQu00","G","Notre Dame"
"769",7,"2018","1",7,"Josh Allen\AlleJo02","QB","Wyoming"
"770",8,"2018","1",8,"Roquan Smith\SmitRo07","ILB","Georgia"
"771",9,"2018","1",9,"Mike McGlinchey\McGlMi00","T","Notre Dame"
"772",10,"2018","1",10,"Josh Rosen\RoseJo01","QB","UCLA"
"773",11,"2018","1",11,"Minkah Fitzpatrick\FitzMi00","S","Alabama"
"774",12,"2018","1",12,"Vita Vea\VeaxVi00","DT","Washington"
"775",13,"2018","1",13,"Da'Ron Payne\PaynDa00","DT","Alabama"
"776",14,"2018","1",14,"Marcus Davenport\DaveMa00","DE","Texas-San Antonio"
"777",15,"2018","1",15,"Kolton Miller\MillKo00","T","UCLA"
"778",16,"2018","1",16,"Tremaine Edmunds\EdmuTr01","ILB","Virginia Tech"
"779",17,"2018","1",17,"Derwin James\JameDe00","S","Florida St."
"780",18,"2018","1",18,"Jaire Alexander\AlexJa00","CB","Louisville"
"781",19,"2018","1",19,"Leighton Vander Esch\VandLe00","OLB","Boise St."
"782",20,"2018","1",20,"Frank Ragnow\RagnFr00","C","Arkansas"
"783",21,"2018","1",21,"Billy Price\PricBi01","C","Ohio St."
"784",22,"2018","1",22,"Rashaan Evans\EvanRa01","ILB","Alabama"
"785",23,"2018","1",23,"Isaiah Wynn\WynnIs00","T","Georgia"
"786",24,"2018","1",24,"D.J. Moore\MoorD.00","WR","Maryland"
"787",25,"2018","1",25,"Hayden Hurst\HursHa00","TE","South Carolina"
"788",26,"2018","1",26,"Calvin Ridley\RidlCa00","WR","Alabama"
"789",27,"2018","1",27,"Rashaad Penny\PennRa00","RB","San Diego St."
"790",28,"2018","1",28,"Terrell Edmunds\EdmuTe00","S","Virginia Tech"
"791",29,"2018","1",29,"Taven Bryan\BryaTa00","DT","Florida"
"792",30,"2018","1",30,"Mike Hughes\HughMi00","CB","Central Florida"
"793",31,"2018","1",31,"Sony Michel\MichSo00","RB","Georgia"
"794",32,"2018","1",32,"Lamar Jackson\JackLa00","QB","Louisville"
"795",33,"2018","2",33,"Austin Corbett\CorbAu00","C","Nevada"
"796",34,"2018","2",34,"Will Hernandez\HernWi00","G","Texas-El Paso"
"797",35,"2018","2",35,"Nick Chubb\ChubNi00","RB","Georgia"
"798",36,"2018","2",36,"Darius Leonard\LeonDa00","LB","South Carolina St."
"799",37,"2018","2",37,"Braden Smith\SmitBr06","G","Auburn"
"800",38,"2018","2",38,"Ronald Jones\JoneRo01","RB","USC"
"801",39,"2018","2",39,"James Daniels\DaniJa01","C","Iowa"
"802",40,"2018","2",40,"Courtland Sutton\SuttCo00","WR","SMU"
"803",41,"2018","2",41,"Harold Landry\LandHa00","OLB","Boston Col."
"804",42,"2018","2",42,"Mike Gesicki\GesiMi00","TE","Penn St."
"805",43,"2018","2",43,"Kerryon Johnson\JohnKe06","RB","Auburn"
"806",44,"2018","2",44,"Dante Pettis\PettDa00","WR","Washington"
"807",45,"2018","2",45,"Josh Jackson\JackJo01","CB","Iowa"
"808",46,"2018","2",46,"Breeland Speaks\SpeaBr00","DE","Mississippi"
"809",47,"2018","2",47,"Christian Kirk\KirkCh01","WR","Texas A&M"
"810",48,"2018","2",48,"Uchenna Nwosu\NwosUc00","OLB","USC"
"811",49,"2018","2",49,"Dallas Goedert\GoedDa00","TE","South Dakota St."
"812",50,"2018","2",50,"Connor Williams\WillCo00","T","Texas"
"813",51,"2018","2",51,"Anthony Miller\MillAn02","WR","Memphis"
"814",52,"2018","2",52,"Kemoko Turay\TuraKe00","OLB","Rutgers"
"815",53,"2018","2",53,"M.J. Stewart\StewM.00","CB","North Carolina"
"816",54,"2018","2",54,"Jessie Bates\BateJe00","S","Wake Forest"
"817",55,"2018","2",55,"Donte Jackson\JackDo02","CB","LSU"
"818",56,"2018","2",56,"Duke Dawson\DawsDu00","CB","Florida"
"819",57,"2018","2",57,"P.J. Hall\HallP.00","DT","Sam Houston St."
"820",58,"2018","2",58,"Isaiah Oliver\OlivIs00","CB","Colorado"
"821",59,"2018","2",59,"Derrius Guice\GuicDe00","RB","LSU"
"822",60,"2018","2",60,"James Washington\WashJa00","WR","Oklahoma St."
"823",61,"2018","2",61,"DJ Chark\CharDJ00","WR","LSU"
"824",62,"2018","2",62,"Brian O'Neill\ONeiBr00","T","Pittsburgh"
"825",63,"2018","2",63,"Carlton Davis\DaviCa02","CB","Auburn"
"826",64,"2018","2",64,"Tyquan Lewis\LewiTy00","DE","Ohio St."
"827",65,"2018","3",65,"Brandon Parker\ParkBr01","T","North Carolina A&T"
"828",66,"2018","3",66,"Lorenzo Carter\CartLo01","DE","Georgia"
"829",67,"2018","3",67,"Chad Thomas\ThomCh06","DE","Miami (FL)"
"830",68,"2018","3",68,"Justin Reid\ReidJu00","S","Stanford"
"831",69,"2018","3",69,"B.J. Hill\HillB.00","DT","North Carolina St."
"832",70,"2018","3",70,"Fred Warner\WarnFr00","OLB","BYU"
"833",71,"2018","3",71,"Royce Freeman\FreeRo00","RB","Oregon"
"834",72,"2018","3",72,"Nathan Shepherd\ShepNa00","DT","Fort Hays St."
"835",73,"2018","3",73,"Jerome Baker\BakeJe00","OLB","Ohio St."
"836",74,"2018","3",74,"Geron Christian\ChriGe01","T","Louisville"
"837",75,"2018","3",75,"Derrick Nnadi\NnadDe00","DT","Florida St."
"838",76,"2018","3",76,"Mason Rudolph\RudoMa00","QB","Oklahoma St."
"839",77,"2018","3",77,"Sam Hubbard\HubbSa00","DE","Ohio St."
"840",78,"2018","3",78,"Malik Jefferson\JeffMa00","OLB","Texas"
"841",79,"2018","3",79,"Rasheem Green\GreeRa01","DT","USC"
"842",80,"2018","3",80,"Martinas Rankin\RankMa00","T","Mississippi St."
"843",81,"2018","3",81,"Michael Gallup\GallMi00","WR","Colorado St."
"844",82,"2018","3",82,"Tracy Walker\WalkTr01","S","Louisiana"
"845",83,"2018","3",83,"Orlando Brown\BrowOr00","T","Oklahoma"
"846",84,"2018","3",84,"Justin Jones\JoneJu03","DT","North Carolina St."
"847",85,"2018","3",85,"Rashaan Gaulden\GaulRa00","CB","Tennessee"
"848",86,"2018","3",86,"Mark Andrews\AndrMa00","TE","Oklahoma"
"849",87,"2018","3",87,"Arden Key\KeyxAr00","DE","LSU"
"850",88,"2018","3",88,"Oren Burks\BurkOr00","ILB","Vanderbilt"
"851",89,"2018","3",89,"Joseph Noteboom\NoteJo00","T","TCU"
"852",90,"2018","3",90,"Deadrin Senat\SenaDe00","DT","South Florida"
"853",91,"2018","3",91,"Tre'Quan Smith\SmitTr03","WR","Central Florida"
"854",92,"2018","3",92,"Chukwuma Okorafor\OkorCh00","T","West. Michigan"
"855",93,"2018","3",93,"Ronnie Harrison\HarrRo02","S","Alabama"
"856",94,"2018","3",94,"Alex Cappa\CappAl00","T","Humboldt St."
"857",95,"2018","3",95,"Tarvarius Moore\MoorTa00","S","Southern Miss"
"858",96,"2018","3",96,"Harrison Phillips\PhilHa00","DT","Stanford"
"859",97,"2018","3",97,"Mason Cole\ColeMa02","C","Michigan"
"860",98,"2018","3",98,"Jordan Akins\AkinJo00","TE","Central Florida"
"861",99,"2018","3",99,"Isaac Yiadom\YiadIs00","CB","Boston Col."
"862",100,"2018","3",100,"Dorian O'Daniel\ODanDo00","OLB","Clemson"
"863",101,"2018","4",101,"Ian Thomas\ThomIa00","TE","Indiana"
"864",102,"2018","4",102,"Jalyn Holmes\HolmJa01","DE","Ohio St."
"865",103,"2018","4",103,"Keke Coutee\CoutKe00","WR","Texas Tech"
"866",104,"2018","4",104,"Nyheim Hines\HineNy00","RB","North Carolina St."
"867",105,"2018","4",105,"Antonio Callaway\CallAn00","WR","Florida"
"868",106,"2018","4",106,"Josey Jewell\JeweJo00","ILB","Iowa"
"869",107,"2018","4",107,"Chris Herndon\HernCh00","TE","Miami (FL)"
"870",108,"2018","4",108,"Kyle Lauletta\LaulKy00","QB","Richmond"
"871",109,"2018","4",109,"Troy Apke\ApkeTr00","S","Penn St."
"872",110,"2018","4",110,"Nick Nelson\NelsNi00","CB","Wisconsin"
"873",111,"2018","4",111,"Brian Allen\AlleBr02","C","Michigan St."
"874",112,"2018","4",112,"Mark Walton\WaltMa00","RB","Miami (FL)"
"875",113,"2018","4",113,"DaeSean Hamilton\HamiDa01","WR","Penn St."
"876",114,"2018","4",114,"Da'Shawn Hand\HandDa00","DE","Alabama"
"877",115,"2018","4",115,"Joel Iyiegbuniwe\IyieJo00","LB","Western Kentucky"
"878",116,"2018","4",116,"Dorance Armstrong\ArmsDo00","DE","Kansas"
"879",117,"2018","4",117,"Jordan Whitehead\WhitJo03","S","Pittsburgh"
"880",118,"2018","4",118,"Anthony Averett\AverAn00","CB","Alabama"
"881",119,"2018","4",119,"Kyzir White\WhitKy00","S","West Virginia"
"882",120,"2018","4",120,"Will Dissly\DissWi00","TE","Washington"
"883",121,"2018","4",121,"Taron Johnson\JohnTa01","CB","Weber St."
"884",122,"2018","4",122,"Kenny Young\YounKe03","LB","UCLA"
"885",123,"2018","4",123,"Durham Smythe\SmytDu00","TE","Notre Dame"
"886",124,"2018","4",124,"Armani Watts\WattAr00","S","Texas A&M"
"887",125,"2018","4",125,"Avonte Maddox\MaddAv00","CB","Pittsburgh"
"888",126,"2018","4",126,"Ito Smith\SmitIt00","RB","Southern Miss"
"889",127,"2018","4",127,"Rick Leonard\LeonRi00","T","Florida St."
"890",128,"2018","4",128,"Kentavius Street\StreKe00","DT","North Carolina St."
"891",129,"2018","4",129,"Will Richardson\RichWi01","T","North Carolina St."
"892",130,"2018","4",130,"Josh Sweat\SweaJo00","DE","Florida St."
"893",131,"2018","4",131,"Kalen Ballage\BallKa00","RB","Arizona St."
"894",132,"2018","4",132,"Jaleel Scott\ScotJa02","WR","New Mexico St."
"895",133,"2018","4",133,"J'Mon Moore\MoorJM00","WR","Missouri"
"896",134,"2018","4",134,"Chase Edmonds\EdmoCh00","RB","Fordham"
"897",135,"2018","4",135,"John Franklin-Myers\FranJo02","DE","S.F. Austin"
"898",136,"2018","4",136,"Marquis Haynes\HaynMa01","OLB","Mississippi"
"899",137,"2018","4",137,"Dalton Schultz\SchuDa00","TE","Stanford"
"900",138,"2018","5",138,"Cole Madison\MadiCo01","G","Washington St."
"901",139,"2018","5",139,"R.J. McIntosh\McInR.00","DT","Miami (FL)"
"902",140,"2018","5",140,"Maurice Hurst\HursMa00","DT","Michigan"
"903",141,"2018","5",141,"Shaquem Griffin\GrifSh01","OLB","Central Florida"
"904",142,"2018","5",142,"D.J. Reed\ReedD.00","CB","Kansas St."
"905",143,"2018","5",143,"Ja'Whaun Bentley\BentJa00","ILB","Purdue"
"906",144,"2018","5",144,"Justin Watson\WatsJu01","WR","Pennsylvania"
"907",145,"2018","5",145,"Bilal Nichols\NichBi00","DT","Delaware"
"908",146,"2018","5",146,"Tre Flowers\FlowTr01","S","Oklahoma St."
"909",147,"2018","5",147,"Micah Kiser\KiseMi00","ILB","Virginia"
"910",148,"2018","5",148,"Marcus Allen\AlleMa03","S","Penn St."
"911",149,"2018","5",149,"Michael Dickson\DickMi00","P","Texas"
"912",150,"2018","5",150,"Genard Avery\AverGe00","LB","Memphis"
"913",151,"2018","5",151,"Davontae Harris\HarrDa05","CB","Illinois St."
"914",152,"2018","5",152,"Dane Cruikshank\CruiDa00","CB","Arizona"
"915",153,"2018","5",153,"Tyrell Crosby\CrosTy00","T","Oregon"
"916",154,"2018","5",154,"Siran Neal\NealSi00","CB","Jacksonville St."
"917",155,"2018","5",155,"Scott Quessenberry\QuesSc00","C","UCLA"
"918",156,"2018","5",156,"Troy Fumagalli\FumaTr00","TE","Wisconsin"
"919",157,"2018","5",157,"Tyler Conklin\ConkTy00","TE","Central Michigan"
"920",158,"2018","5",158,"Andrew Brown\BrowAn05","DE","Virginia"
"921",159,"2018","5",159,"Daurice Fountain\FounDa00","WR","Northern Iowa"
"922",160,"2018","5",160,"Ogbonnia Okoronkwo\OkorOg00","DE","Oklahoma"
"923",161,"2018","5",161,"Jermaine Carter\CartJe00","LB","Maryland"
"924",162,"2018","5",162,"Jordan Lasley\LaslJo00","WR","UCLA"
"925",163,"2018","5",163,"Tim Settle\SettTi00","DT","Virginia Tech"
"926",164,"2018","5",164,"Natrell Jamerson\JameNa00","S","Wisconsin"
"927",165,"2018","5",165,"Jaylen Samuels\SamuJa00","TE","North Carolina St."
"928",166,"2018","5",166,"Wyatt Teller\TellWy00","G","Virginia Tech"
"929",167,"2018","5",167,"Daniel Carlson\CarlDa00","K","Auburn"
"930",168,"2018","5",168,"Jamarco Jones\JoneJa08","T","Ohio St."
"931",169,"2018","5",169,"Jordan Wilkins\WilkJo01","RB","Mississippi"
"932",170,"2018","5",170,"Darius Phillips\PhilDa02","CB","West. Michigan"
"933",171,"2018","5",171,"Mike White\WhitMi01","QB","Western Kentucky"
"934",172,"2018","5",172,"JK Scott\ScotJK00","P","Alabama"
"935",173,"2018","5",173,"Johnny Townsend\TownJo01","P","Florida"
"936",174,"2018","5",174,"Marquez Valdes-Scantling\ValdMa00","WR","South Florida"
"937",175,"2018","6",175,"Damion Ratley\RatlDa00","WR","Texas A&M"
"938",176,"2018","6",176,"John Kelly\KellJo00","RB","Tennessee"
"939",177,"2018","6",177,"Duke Ejiofor\EjioDu00","DE","Wake Forest"
"940",178,"2018","6",178,"Christian Sam\SamxCh00","ILB","Arizona St."
"941",179,"2018","6",179,"Parry Nickerson\NickPa00","CB","Tulane"
"942",180,"2018","6",180,"Folorunso Fatukasi\FatuFo00","DT","Connecticut"
"943",181,"2018","6",181,"Kylie Fitts\FittKy00","DE","Utah"
"944",182,"2018","6",182,"Christian Campbell\CampCh01","CB","Penn St."
"945",183,"2018","6",183,"Sam Jones\JoneSa00","G","Arizona St."
"946",184,"2018","6",184,"Marcell Harris\HarrMa03","S","Florida"
"947",185,"2018","6",185,"Deon Cain\CainDe00","WR","Clemson"
"948",186,"2018","6",186,"Jacob Martin\MartJa02","LB","Temple"
"949",187,"2018","6",187,"Ray-Ray McCloud\McClRa00","WR","Clemson"
"950",188,"2018","6",188,"Simeon Thomas\ThomSi00","CB","Louisiana"
"951",189,"2018","6",189,"Kamrin Moore\MoorKa01","CB","Boston Col."
"952",190,"2018","6",190,"DeShon Elliott\ElliDe02","S","Texas"
"953",191,"2018","6",191,"Dylan Cantrell\CantDy00","WR","Texas Tech"
"954",192,"2018","6",192,"Jamil Demby\DembJa00","T","Maine"
"955",193,"2018","6",193,"Chris Covington\CoviCh01","LB","Indiana"
"956",194,"2018","6",194,"Russell Gage\GageRu00","WR","LSU"
"957",195,"2018","6",195,"Sebastian Joseph\JoseSe00","DT","Rutgers"
"958",196,"2018","6",196,"Tremon Smith\SmitTr04","WR","Central Arkansas"
"959",197,"2018","6",197,"Shaun Dion Hamilton\DionSh00","LB","Alabama"
"960",198,"2018","6",198,"Kahlil McKenzie\McKeKa00","DT","Tennessee"
"961",199,"2018","6",199,"Luke Falk\FalkLu00","QB","Washington St."
"962",200,"2018","6",200,"Foyesade Oluokun\OluoFo00","S","Yale"
"963",201,"2018","6",201,"Boston Scott\ScotBo02","RB","Louisiana Tech"
"964",202,"2018","6",202,"Jack Cichy\CichJa00","ILB","Wisconsin"
"965",203,"2018","6",203,"Tanner Lee\LeexTa00","QB","Nebraska"
"966",204,"2018","6",204,"Trenton Cannon\CannTr00","RB","Virginia St."
"967",205,"2018","6",205,"Trevon Young\YounTr00","DE","Louisville"
"968",206,"2018","6",206,"Matt Pryor\PryoMa00","T","TCU"
"969",207,"2018","6",207,"Equanimeous St. Brown\St.BEq00","WR","Notre Dame"
"970",208,"2018","6",208,"Cedrick Wilson\WilsCe01","WR","Boise St."
"971",209,"2018","6",209,"Cornell Armstrong\ArmsCo00","CB","Southern Miss"
"972",210,"2018","6",210,"Braxton Berrios\BerrBr00","WR","Miami (FL)"
"973",211,"2018","6",211,"Jordan Thomas\ThomJo05","TE","Mississippi St."
"974",212,"2018","6",212,"Greg Senat\SenaGr00","T","Wagner"
"975",213,"2018","6",213,"Colby Gossett\GossCo00","G","Appalachian St."
"976",214,"2018","6",214,"Peter Kalambayi\KalaPe00","LB","Stanford"
"977",215,"2018","6",215,"Bradley Bozeman\BozeBr00","C","Alabama"
"978",216,"2018","6",216,"Azeem Victor\VictAz00","LB","Washington"
"979",217,"2018","6",217,"Keishawn Bierria\BierKe00","ILB","Washington"
"980",218,"2018","6",218,"Ade Aruna\ArunAd00","DE","Tulane"
"981",219,"2018","7",219,"Danny Etling\EtliDa00","QB","LSU"
"982",220,"2018","7",220,"Alex McGough\McGoAl00","QB","Florida International"
"983",221,"2018","7",221,"Matthew Adams\AdamMa00","LB","Houston"
"984",222,"2018","7",222,"Jermaine Kelly\KellJe01","CB","San Jose St."
"985",223,"2018","7",223,"Jullian Taylor\TaylJu00","DT","Temple"
"986",224,"2018","7",224,"Javon Wims\WimsJa00","WR","Georgia"
"987",225,"2018","7",225,"Devante Downs\DownDe00","LB","California"
"988",226,"2018","7",226,"David Williams\WillDa010","RB","Arkansas"
"989",227,"2018","7",227,"Quentin Poling\PoliQu00","LB","Ohio"
"990",228,"2018","7",228,"Marcell Ateman\AtemMa00","WR","Oklahoma St."
"991",229,"2018","7",229,"Jason Sanders\SandJa00","K","New Mexico"
"992",230,"2018","7",230,"Leon Jacobs\JacoLe00","OLB","Wisconsin"
"993",231,"2018","7",231,"Travin Howard\HowaTr00","OLB","TCU"
"994",232,"2018","7",232,"James Looney\LoonJa00","DE","California"
"995",233,"2018","7",233,"Jordan Mailata\MailJo00","T",NA
"996",234,"2018","7",234,"Andre Smith\SmitAn04","ILB","North Carolina"
"997",235,"2018","7",235,"Zaire Franklin\FranZa00","LB","Syracuse"
"998",236,"2018","7",236,"Bo Scarbrough\ScarBo01","RB","Alabama"
"999",237,"2018","7",237,"Nick Bawden\BawdNi00","RB","San Diego St."
"1000",238,"2018","7",238,"Zach Sieler\SielZa00","DE","Ferris St."
"1001",239,"2018","7",239,"Hunter Bradley\BradHu00","LS","Mississippi St."
"1002",240,"2018","7",240,"Richie James\JameRi00","WR","Middle Tenn. St."
"1003",241,"2018","7",241,"Greg Stroman\StroGr00","CB","Virginia Tech"
"1004",242,"2018","7",242,"Kendrick Norton\NortKe01","DT","Miami (FL)"
"1005",243,"2018","7",243,"Keion Crossen\CrosKe00","CB","West. Carolina"
"1006",244,"2018","7",244,"Justin Lawler\LawlJu00","DE","SMU"
"1007",245,"2018","7",245,"Will Clapp\ClapWi00","C","LSU"
"1008",246,"2018","7",246,"Joshua Frazier\FrazJo00","DT","Alabama"
"1009",247,"2018","7",247,"Logan Cooke\CookLo00","P","Mississippi St."
"1010",248,"2018","7",248,"Kendall Donnerson\DonnKe00","OLB","SE Missouri St."
"1011",249,"2018","7",249,"Logan Woodside\WoodLo00","QB","Toledo"
"1012",250,"2018","7",250,"Ryan Izzo\IzzoRy00","TE","Florida St."
"1013",251,"2018","7",251,"Justin Jackson\JackJu01","RB","Northwestern"
"1014",252,"2018","7",252,"Rod Taylor\TaylRo01","G","Mississippi"
"1015",253,"2018","7",253,"Auden Tate\TateAu00","WR","Florida St."
"1016",254,"2018","7",254,"Korey Cunningham\CunnKo00","T","Cincinnati"
"1017",255,"2018","7",255,"Austin Proehl\ProeAu00","WR","North Carolina"
"1018",256,"2018","7",256,"Trey Quinn\QuinTr00","WR","SMU"
"1019",1,"2019","1",1,"Kyler Murray\MurrKy00","QB","Oklahoma"
"1020",2,"2019","1",2,"Nick Bosa\BosaNi00","DE","Ohio St."
"1021",3,"2019","1",3,"Quinnen Williams\WillQu00","DT","Alabama"
"1022",4,"2019","1",4,"Clelin Ferrell\FerrCl00","DE","Clemson"
"1023",5,"2019","1",5,"Devin White\WhitDe02","LB","LSU"
"1024",6,"2019","1",6,"Daniel Jones\JoneDa05","QB","Duke"
"1025",7,"2019","1",7,"Josh Allen\AlleJo03","LB","Kentucky"
"1026",8,"2019","1",8,"T.J. Hockenson\HockTJ00","TE","Iowa"
"1027",9,"2019","1",9,"Ed Oliver\OlivEd00","DT","Houston"
"1028",10,"2019","1",10,"Devin Bush\BushDe01","LB","Michigan"
"1029",11,"2019","1",11,"Jonah Williams\WillJo10","G","Alabama"
"1030",12,"2019","1",12,"Rashan Gary\GaryRa00","LB","Michigan"
"1031",13,"2019","1",13,"Christian Wilkins\WilkCh00","DT","Clemson"
"1032",14,"2019","1",14,"Chris Lindstrom\LindCh00","G","Boston Col."
"1033",15,"2019","1",15,"Dwayne Haskins\HaskDw00","QB","Ohio St."
"1034",16,"2019","1",16,"Brian Burns\BurnBr00","DE","Florida St."
"1035",17,"2019","1",17,"Dexter Lawrence\LawrDe03","DT","Clemson"
"1036",18,"2019","1",18,"Garrett Bradbury\BradGa00","C","North Carolina St."
"1037",19,"2019","1",19,"Jeffery Simmons\SimmJe01","DT","Mississippi St."
"1038",20,"2019","1",20,"Noah Fant\FantNo00","TE","Iowa"
"1039",21,"2019","1",21,"Darnell Savage\SavaDa00","S","Maryland"
"1040",22,"2019","1",22,"Andre Dillard\DillAn00","T","Washington St."
"1041",23,"2019","1",23,"Tytus Howard\HowaTy00","T","Alabama St."
"1042",24,"2019","1",24,"Josh Jacobs\JacoJo01","RB","Alabama"
"1043",25,"2019","1",25,"Marquise Brown\BrowMa04","WR","Oklahoma"
"1044",26,"2019","1",26,"Montez Sweat\SweaMo00","DE","Mississippi St."
"1045",27,"2019","1",27,"Johnathan Abram\AbraJo01","S","Mississippi St."
"1046",28,"2019","1",28,"Jerry Tillery\TillJe00","DT","Notre Dame"
"1047",29,"2019","1",29,"L.J. Collier\CollLJ00","DE","TCU"
"1048",30,"2019","1",30,"Deandre Baker\BakeDe00","CB","Georgia"
"1049",31,"2019","1",31,"Kaleb McGary\McGaKa00","T","Washington"
"1050",32,"2019","1",32,"N'Keal Harry\HarrNK00","WR","Arizona St."
"1051",33,"2019","2",33,"Byron Murphy\MurpBy00","CB","Washington"
"1052",34,"2019","2",34,"Rock Ya-Sin\Ya-SRo00","CB","Temple"
"1053",35,"2019","2",35,"Jawaan Taylor\TaylJa02","T","Florida"
"1054",36,"2019","2",36,"Deebo Samuel\SamuDe00","WR","South Carolina"
"1055",37,"2019","2",37,"Greg Little\LittGr01","T","Mississippi"
"1056",38,"2019","2",38,"Cody Ford\FordCo00","T","Oklahoma"
"1057",39,"2019","2",39,"Sean Murphy-Bunting\BuntSe00","CB","Central Michigan"
"1058",40,"2019","2",40,"Trayvon Mullen\MullTr00","CB","Clemson"
"1059",41,"2019","2",41,"Dalton Risner\RisnDa00","T","Kansas St."
"1060",42,"2019","2",42,"Drew Lock\LockDr00","QB","Missouri"
"1061",43,"2019","2",43,"Jahlani Tavai\TavaJa00","LB","Hawaii"
"1062",44,"2019","2",44,"Elgton Jenkins\JenkEl00","C","Mississippi St."
"1063",45,"2019","2",45,"Joejuan Williams\WillJo13","CB","Vanderbilt"
"1064",46,"2019","2",46,"Greedy Williams\WillGr00","CB","LSU"
"1065",47,"2019","2",47,"Marquise Blair\BlaiMa01","S","Utah"
"1066",48,"2019","2",48,"Erik McCoy\McCoEr01","C","Texas A&M"
"1067",49,"2019","2",49,"Ben Banogu\BanoBe00","LB","TCU"
"1068",50,"2019","2",50,"Irv Smith Jr.\SmitIr01","TE","Alabama"
"1069",51,"2019","2",51,"A.J. Brown\BrowAJ00","WR","Mississippi"
"1070",52,"2019","2",52,"Drew Sample\SampDr00","TE","Washington"
"1071",53,"2019","2",53,"Miles Sanders\SandMi01","RB","Penn St."
"1072",54,"2019","2",54,"Lonnie Johnson\JohnLo01","CB","Kentucky"
"1073",55,"2019","2",55,"Max Scharping\SchaMa01","T","Northern Illinois"
"1074",56,"2019","2",56,"Mecole Hardman\HardMe00","WR","Georgia"
"1075",57,"2019","2",57,"JJ Arcega-Whiteside\ArceJJ00","WR","Stanford"
"1076",58,"2019","2",58,"Trysten Hill\HillTr00","DT","Central Florida"
"1077",59,"2019","2",59,"Parris Campbell\CampPa00","WR","Ohio St."
"1078",60,"2019","2",60,"Nasir Adderley\AddeNa00","S","Delaware"
"1079",61,"2019","2",61,"Taylor Rapp\RappTa00","S","Washington"
"1080",62,"2019","2",62,"Andy Isabella\IsabAn00","WR","Massachusetts"
"1081",63,"2019","2",63,"Juan Thornhill\ThorJu00","S","Virginia"
"1082",64,"2019","2",64,"D.K. Metcalf\MetcDK00","WR","Mississippi"
"1083",65,"2019","3",65,"Zach Allen\AlleZa01","DE","Boston Col."
"1084",66,"2019","3",66,"Diontae Johnson\JohnDi01","WR","Toledo"
"1085",67,"2019","3",67,"Jalen Hurd\HurdJa00","WR","Baylor"
"1086",68,"2019","3",68,"Jachai Polite\PoliJa00","LB","Florida"
"1087",69,"2019","3",69,"Josh Oliver\OlivJo00","TE","San Jose St."
"1088",70,"2019","3",70,"Darrell Henderson\HendDa00","RB","Memphis"
"1089",71,"2019","3",71,"Dre'Mont Jones\JoneDr00","DT","Ohio St."
"1090",72,"2019","3",72,"Germaine Pratt\PratGe00","LB","North Carolina St."
"1091",73,"2019","3",73,"David Montgomery\MontDa01","RB","Iowa St."
"1092",74,"2019","3",74,"Devin Singletary\SingDe00","RB","Florida Atlantic"
"1093",75,"2019","3",75,"Jace Sternberger\SterJa00","TE","Texas A&M"
"1094",76,"2019","3",76,"Terry McLaurin\McLaTe00","WR","Ohio St."
"1095",77,"2019","3",77,"Chase Winovich\WinoCh00","DE","Michigan"
"1096",78,"2019","3",78,"Michael Deiter\DeitMi00","G","Wisconsin"
"1097",79,"2019","3",79,"David Long\LongDa02","CB","Michigan"
"1098",80,"2019","3",80,"Sione Takitaki\TakiSi00","LB","BYU"
"1099",81,"2019","3",81,"Will Harris\HarrWi02","S","Boston Col."
"1100",82,"2019","3",82,"Nate Davis\DaviNa01","G","Charlotte"
"1101",83,"2019","3",83,"Justin Layne\LaynJu00","CB","Michigan St."
"1102",84,"2019","3",84,"Khalen Saunders\SaunKh00","DT","West. Illinois"
"1103",85,"2019","3",85,"Jaylon Ferguson\FergJa02","DE","Louisiana Tech"
"1104",86,"2019","3",86,"Kahale Warring\WarrKa00","TE","San Diego St."
"1105",87,"2019","3",87,"Damien Harris\HarrDa06","RB","Alabama"
"1106",88,"2019","3",88,"Cody Barton\BartCo00","LB","Utah"
"1107",89,"2019","3",89,"Bobby Okereke\OkerBo00","LB","Stanford"
"1108",90,"2019","3",90,"Connor McGovern\McGoCo01","G","Penn St."
"1109",91,"2019","3",91,"Trey Pipkins\PipkTr00","T","Sioux Falls"
"1110",92,"2019","3",92,"Chuma Edoga\EdogCh00","T","USC"
"1111",93,"2019","3",93,"Miles Boykin\BoykMi00","WR","Notre Dame"
"1112",94,"2019","3",94,"Jamel Dean\DeanJa00","CB","Auburn"
"1113",95,"2019","3",95,"Oshane Ximines\XimiOs00","DE","Old Dominion"
"1114",96,"2019","3",96,"Dawson Knox\KnoxDa00","TE","Mississippi"
"1115",97,"2019","3",97,"Bobby Evans\EvanBo00","T","Oklahoma"
"1116",98,"2019","3",98,"Quincy Williams\WillQu01","S","Murray St."
"1117",99,"2019","3",99,"Mike Edwards\EdwaMi01","S","Kentucky"
"1118",100,"2019","3",100,"Will Grier\GrieWi00","QB","West Virginia"
"1119",101,"2019","3",101,"Yodny Cajuste\CajuYo00","T","West Virginia"
"1120",102,"2019","3",102,"Alexander Mattison\MattAl01","RB","Boise St."
"1121",103,"2019","4",103,"Hakeem Butler\ButlHa00","WR","Iowa St."
"1122",104,"2019","4",104,"Ryan Finley\FinlRy00","QB","North Carolina St."
"1123",105,"2019","4",105,"Chauncey Gardner-Johnson\GardCh00","S","Florida"
"1124",106,"2019","4",106,"Maxx Crosby\CrosMa00","DE","East. Michigan"
"1125",107,"2019","4",107,"Anthony Nelson\NelsAn01","DE","Iowa"
"1126",108,"2019","4",108,"Julian Love\LoveJu00","CB","Notre Dame"
"1127",109,"2019","4",109,"Khari Willis\WillKh00","S","Michigan St."
"1128",110,"2019","4",110,"Mitch Wishnowsky\WishMi00","P","Utah"
"1129",111,"2019","4",111,"Kendall Sheffield\ShefKe00","CB","Ohio St."
"1130",112,"2019","4",112,"Bryce Love\LoveBr00","RB","Stanford"
"1131",113,"2019","4",113,"Justice Hill\HillJu00","RB","Oklahoma St."
"1132",114,"2019","4",114,"Dru Samia\SamiDr00","G","Oklahoma"
"1133",115,"2019","4",115,"Christian Miller\MillCh04","LB","Alabama"
"1134",116,"2019","4",116,"Amani Hooker\HookAm00","S","Iowa"
"1135",117,"2019","4",117,"Austin Bryant\BryaAu00","DE","Clemson"
"1136",118,"2019","4",118,"Hjalte Froholdt\FrohHj00","G","Arkansas"
"1137",119,"2019","4",119,"Sheldrick Redwine\RedwSh00","S","Miami (FL)"
"1138",120,"2019","4",120,"Gary Jennings Jr.\JennGa00","WR","West Virginia"
"1139",121,"2019","4",121,"Trevon Wesco\WescTr00","TE","West Virginia"
"1140",122,"2019","4",122,"Benny Snell\SnelBe00","RB","Kentucky"
"1141",123,"2019","4",123,"Ben Powers\PoweBe00","G","Oklahoma"
"1142",124,"2019","4",124,"Phil Haynes\HaynPh00","G","Wake Forest"
"1143",125,"2019","4",125,"Renell Wren\WrenRe00","DT","Arizona St."
"1144",126,"2019","4",126,"Riley Ridley\RidlRi00","WR","Georgia"
"1145",127,"2019","4",127,"Iman Marshall\MarsIm00","CB","USC"
"1146",128,"2019","4",128,"Tony Pollard\PollTo00","RB","Memphis"
"1147",129,"2019","4",129,"Isaiah Johnson\JohnIs02","CB","Houston"
"1148",130,"2019","4",130,"Drue Tranquill\TranDr00","LB","Notre Dame"
"1149",131,"2019","4",131,"Wes Martin\MartWe00","G","Indiana"
"1150",132,"2019","4",132,"Ugochukwu Amadi\AmadUg00","S","Oregon"
"1151",133,"2019","4",133,"Jarrett Stidham\StidJa00","QB","Auburn"
"1152",134,"2019","4",134,"Greg Gaines\GainGr00","DT","Washington"
"1153",135,"2019","4",135,"John Cominsky\ComiJo00","DE","Charleston (WV)"
"1154",136,"2019","4",136,"Michael Jordan\JordMi01","G","Ohio St."
"1155",137,"2019","4",137,"Foster Moreau\MoreFo00","TE","LSU"
"1156",138,"2019","4",138,"Shareef Miller\MillSh00","DE","Penn St."
"1157",139,"2019","5",139,"Deionte Thompson\ThomDe06","S","Alabama"
"1158",140,"2019","5",140,"Ryquell Armstead\ArmsRy00","RB","Temple"
"1159",141,"2019","5",141,"Zach Gentry\GentZa00","TE","Michigan"
"1160",142,"2019","5",142,"Ben Burr-Kirven\BurrBe00","LB","Washington"
"1161",143,"2019","5",143,"Ryan Connelly\ConnRy00","LB","Wisconsin"
"1162",144,"2019","5",144,"Marvell Tell\TellMa00","S","USC"
"1163",145,"2019","5",145,"Matt Gay\GayxMa00","K","Utah"
"1164",146,"2019","5",146,"Amani Oruwariye\OruwAm00","CB","Penn St."
"1165",147,"2019","5",147,"Vosean Joseph\JoseVo00","LB","Florida"
"1166",148,"2019","5",148,"Dre Greenlaw\GreeDr00","LB","Arkansas"
"1167",149,"2019","5",149,"Hunter Renfrow\RenfHu00","WR","Clemson"
"1168",150,"2019","5",150,"Kingsley Keke\KekeKi00","DT","Texas A&M"
"1169",151,"2019","5",151,"Andrew Van Ginkel\VanGAn00","LB","Wisconsin"
"1170",152,"2019","5",152,"Qadree Ollison\OlliQa00","RB","Pittsburgh"
"1171",153,"2019","5",153,"Ross Pierschbacher\PierRo00","G","Alabama"
"1172",154,"2019","5",154,"Jordan Scarlett\ScarJo00","RB","Florida"
"1173",155,"2019","5",155,"Mack Wilson\WilsMa03","LB","Alabama"
"1174",156,"2019","5",156,"Justin Hollins\HollJu00","LB","Oregon"
"1175",157,"2019","5",157,"Blake Cashman\CashBl00","LB","Minnesota"
"1176",158,"2019","5",158,"Michael Jackson\JackMi01","CB","Miami (FL)"
"1177",159,"2019","5",159,"Byron Cowart\CowaBy00","DT","Maryland"
"1178",160,"2019","5",160,"Daylon Mack\MackDa00","DT","Texas A&M"
"1179",161,"2019","5",161,"Charles Omenihu\OmenCh00","DE","Texas"
"1180",162,"2019","5",162,"Cameron Smith\SmitCa01","LB","USC"
"1181",163,"2019","5",163,"Jake Bailey\BailJa00","P","Stanford"
"1182",164,"2019","5",164,"E.J. Speed\SpeeEJ00","LB","Tarleton St."
"1183",165,"2019","5",165,"Joe Jackson\JackJo02","DE","Miami (FL)"
"1184",166,"2019","5",166,"Easton Stick\SticEa00","QB","North Dakota St."
"1185",167,"2019","5",167,"Clayton Thorson\ThorCl00","QB","Northwestern"
"1186",168,"2019","5",168,"D'Andre Walker\WalkDA02","LB","Georgia"
"1187",169,"2019","5",169,"David Edwards\EdwaDa01","T","Wisconsin"
"1188",170,"2019","5",170,"Austin Seibert\SeibAu00","K","Oklahoma"
"1189",171,"2019","5",171,"Darius Slayton\SlayDa01","WR","Auburn"
"1190",172,"2019","5",172,"Jordan Miller\MillJo05","CB","Washington"
"1191",173,"2019","5",173,"Cole Holcomb\HolcCo00","LB","North Carolina"
"1192",174,"2019","6",174,"KeeSean Johnson\JohnKe07","WR","Fresno St."
"1193",175,"2019","6",175,"Sutton Smith\SmitSu00","DE","Northern Illinois"
"1194",176,"2019","6",176,"Kaden Smith\SmitKa00","TE","Stanford"
"1195",177,"2019","6",177,"Saquan Hampton\HampSa00","S","Rutgers"
"1196",178,"2019","6",178,"Gardner Minshew\MinsGa00","QB","Washington St."
"1197",179,"2019","6",179,"Lamont Gaillard\GailLa00","C","Georgia"
"1198",180,"2019","6",180,"Corey Ballentine\BallCo00","CB","Washburn"
"1199",181,"2019","6",181,"Jaquan Johnson\JohnJa11","CB","Miami (FL)"
"1200",182,"2019","6",182,"Trayveon Williams\WillTr06","RB","Texas A&M"
"1201",183,"2019","6",183,"Justin Skule\SkulJu00","T","Vanderbilt"
"1202",184,"2019","6",184,"Travis Fulgham\FulgTr00","WR","Old Dominion"
"1203",185,"2019","6",185,"Ka'dar Hollman\HollKa00","CB","Toledo"
"1204",186,"2019","6",186,"Ty Johnson\JohnTy02","RB","Maryland"
"1205",187,"2019","6",187,"Juwann Winfree\WinfJu00","WR","Colorado"
"1206",188,"2019","6",188,"David Long\LongDa04","LB","West Virginia"
"1207",189,"2019","6",189,"Drew Forbes\ForbDr00","T","SE Missouri St."
"1208",190,"2019","6",190,"Armon Watts\WattAr01","DT","Arkansas"
"1209",191,"2019","6",191,"Marcus Epps\EppsMa00","S","Wyoming"
"1210",192,"2019","6",192,"Isaiah Buggs\BuggIs00","DT","Alabama"
"1211",193,"2019","6",193,"Oli Udoh\UdohOl00","T","Elon"
"1212",194,"2019","6",194,"Dexter Williams\WillDe07","RB","Notre Dame"
"1213",195,"2019","6",195,"Xavier Crawford\CrawXa00","CB","Central Michigan"
"1214",196,"2019","6",196,"Blessuan Austin\AustBl00","CB","Rutgers"
"1215",197,"2019","6",197,"Trace McSorley\McSoTr00","QB","Penn St."
"1216",198,"2019","6",198,"Tim Harris\HarrTi01","CB","Virginia"
"1217",199,"2019","6",199,"Gerri Green\GreeGe00","DE","Mississippi St."
"1218",200,"2019","6",200,"Emeke Egbule\EgbuEm00","LB","Houston"
"1219",201,"2019","6",201,"Rashad Fenton\FentRa00","CB","South Carolina"
"1220",202,"2019","6",202,"Isaiah Prince\PrinIs00","T","Ohio St."
"1221",203,"2019","6",203,"Marcus Green\GreeMa02","WR","La-Monroe"
"1222",204,"2019","6",204,"Travis Homer\HomeTr00","RB","Miami (FL)"
"1223",205,"2019","6",205,"Duke Shelley\ShelDu00","CB","Kansas St."
"1224",206,"2019","6",206,"Kelvin Harmon\HarmKe00","WR","North Carolina St."
"1225",207,"2019","6",207,"Ulysees Gilbert\GilbUl00","LB","Akron"
"1226",208,"2019","6",208,"Scott Miller\MillSc01","WR","Bowling Green"
"1227",209,"2019","6",209,"Demarcus Christmas\ChriDe01","DT","Florida St."
"1228",210,"2019","6",210,"Deshaun Davis\DaviDe01","LB","Auburn"
"1229",211,"2019","6",211,"Rodney Anderson\AndeRo02","RB","Oklahoma"
"1230",212,"2019","6",212,"Dennis Daley\DaleDe00","T","South Carolina"
"1231",213,"2019","6",213,"Donovan Wilson\WilsDo01","S","Texas A&M"
"1232",214,"2019","6",214,"Darwin Thompson\ThomDa06","RB","Utah St."
"1233",215,"2019","7",215,"Terry Beckner Jr.\BeckTe00","DT","Missouri"
"1234",216,"2019","7",216,"Nick Allegretti\AlleNi00","G","Illinois"
"1235",217,"2019","7",217,"Kris Boyd\BoydKr00","CB","Texas"
"1236",218,"2019","7",218,"Mike Weber\WebeMi00","RB","Ohio St."
"1237",219,"2019","7",219,"Derwin Gray\GrayDe01","T","Maryland"
"1238",220,"2019","7",220,"Cullen Gillaspia\GillCu00","RB","Texas A&M"
"1239",221,"2019","7",221,"Donnie Lewis\LewiDo00","CB","Tulane"
"1240",222,"2019","7",222,"Kerrith Whyte Jr.\WhytKe00","RB","Florida Atlantic"
"1241",223,"2019","7",223,"Jordan Brown\BrowJo04","CB","South Dakota St."
"1242",224,"2019","7",224,"Isaac Nauta\NautIs00","TE","Georgia"
"1243",225,"2019","7",225,"Darryl Johnson\JohnDa10","DE","North Carolina A&T"
"1244",226,"2019","7",226,"Ty Summers\SummTy00","LB","TCU"
"1245",227,"2019","7",227,"Jimmy Moreland\MoreJi00","CB","James Madison"
"1246",228,"2019","7",228,"Tommy Sweeney\SweeTo00","TE","Boston Col."
"1247",229,"2019","7",229,"P.J. Johnson\JohnPJ00","DE","Arizona"
"1248",230,"2019","7",230,"Quinton Bell\BellQu00","DE","Prairie View"
"1249",231,"2019","7",231,"Alize Mack\MackAl00","TE","Notre Dame"
"1250",232,"2019","7",232,"George Asafo-Adjei\AsafGe00","T","Kentucky"
"1251",233,"2019","7",233,"Chandler Cox\CoxxCh01","RB","Auburn"
"1252",234,"2019","7",234,"Myles Gaskin\GaskMy00","RB","Washington"
"1253",235,"2019","7",235,"Dontavius Russell\RussDo00","DT","Auburn"
"1254",236,"2019","7",236,"John Ursua\UrsuJo00","WR","Hawaii"
"1255",237,"2019","7",237,"Terry Godwin\GodwTe00","WR","Georgia"
"1256",238,"2019","7",238,"Stephen Denmark\DenmSt00","CB","Valdosta St."
"1257",239,"2019","7",239,"Dillon Mitchell\MitcDi00","WR","Oregon"
"1258",240,"2019","7",240,"Jackson Barton\BartJa00","T","Utah"
"1259",241,"2019","7",241,"Jalen Jelks\JelkJa00","DE","Oregon"
"1260",242,"2019","7",242,"Cortez Broughton\BrouCo00","DT","Cincinnati"
"1261",243,"2019","7",243,"Nick Scott\ScotNi01","S","Penn St."
"1262",244,"2019","7",244,"Kaden Elliss\ElliKa00","LB","Idaho"
"1263",245,"2019","7",245,"Chris Slayton\SlayCh00","DT","Syracuse"
"1264",246,"2019","7",246,"Javon Patterson\PattJa00","C","Mississippi"
"1265",247,"2019","7",247,"Olabisi Johnson\JohnOl00","WR","Colorado St."
"1266",248,"2019","7",248,"Joshua Miles\MileJo00","T","Morgan St."
"1267",249,"2019","7",249,"Michael Dogbe\DogbMi00","DE","Temple"
"1268",250,"2019","7",250,"Austin Cutting\CuttAu00","LS","Air Force"
"1269",251,"2019","7",251,"Dakota Allen\AlleDa01","LB","Texas Tech"
"1270",252,"2019","7",252,"Ken Webster\WebsKe00","CB","Mississippi"
"1271",253,"2019","7",253,"Jordan Brailford\BraiJo00","DE","Oklahoma St."
"1272",254,"2019","7",254,"Caleb Wilson\WilsCa00","TE","UCLA"
